"ObjectName","Table Rows","index_id","Index Data Compression","create_date","lock_on_bulk_load","is_replicated","has_replication_filter","is_tracked_by_cdc","lock_escalation_desc","is_filetable","is_memory_optimized","durability_desc"
"A_Rebuild","37","0","NONE","12/11/2025 1:00:00 AM","False","False","False","False","TABLE","False","False","SCHEMA_AND_DATA"
"API_Log","193","1","NONE","12/31/2018 11:51:31 PM","False","False","False","False","TABLE","False","False","SCHEMA_AND_DATA"
"BonusSKU1618","0","0","NONE","12/31/2018 11:51:31 PM","False","False","False","False","TABLE","False","False","SCHEMA_AND_DATA"
"CAMBONUS","0","1","NONE","5/31/2018 8:39:06 AM","False","False","False","False","TABLE","False","False","SCHEMA_AND_DATA"
"CAMPGN","1","0","NONE","12/8/2020 9:25:55 AM","False","False","False","False","TABLE","False","False","SCHEMA_AND_DATA"
"CapDo","4","1","NONE","1/1/2025 1:31:38 AM","False","False","False","False","TABLE","False","False","SCHEMA_AND_DATA"
"CapDo_HinhThuc","1","1","NONE","1/1/2025 1:31:38 AM","False","False","False","False","TABLE","False","False","SCHEMA_AND_DATA"
"CapLaiThe","0","1","NONE","12/22/2015 11:01:59 AM","False","False","False","False","TABLE","False","False","SCHEMA_AND_DATA"
"CauHinh","1","0","NONE","1/1/2025 1:31:38 AM","False","False","False","False","TABLE","False","False","SCHEMA_AND_DATA"
"CauHinh_BK","1","1","NONE","12/31/2018 9:54:32 PM","False","False","False","False","TABLE","False","False","SCHEMA_AND_DATA"
"CauHinh_GuiThongTin","0","1","NONE","12/22/2015 11:01:57 AM","False","False","False","False","TABLE","False","False","SCHEMA_AND_DATA"
"CauHinh_IPStore","0","1","NONE","1/1/2025 1:31:38 AM","False","False","False","False","TABLE","False","False","SCHEMA_AND_DATA"
"CauHinh_Tender_CKTM","0","1","NONE","12/8/2025 10:18:37 AM","False","False","False","False","TABLE","False","False","SCHEMA_AND_DATA"
"CauHinhChietKhau","13","1","NONE","1/1/2025 1:31:38 AM","False","False","False","False","TABLE","False","False","SCHEMA_AND_DATA"
"CauHinhChietKhauPOS","1","1","NONE","1/1/2025 1:31:38 AM","False","False","False","False","TABLE","False","False","SCHEMA_AND_DATA"
"CauHinhChietKhauQRCode","0","1","NONE","1/1/2025 1:31:38 AM","False","False","False","False","TABLE","False","False","SCHEMA_AND_DATA"
"CauHinhHeThong","1","1","NONE","1/1/2025 1:31:38 AM","False","False","False","False","TABLE","False","False","SCHEMA_AND_DATA"
"CauHinhKetNoi","733","1","NONE","1/1/2025 1:31:39 AM","False","False","False","False","TABLE","False","False","SCHEMA_AND_DATA"
"CauHinhQuaTang","234","1","NONE","1/1/2025 1:31:39 AM","False","False","False","False","TABLE","False","False","SCHEMA_AND_DATA"
"CauHinhQuaTang_BkCu","0","1","NONE","10/8/2024 2:37:27 PM","False","False","False","False","TABLE","False","False","SCHEMA_AND_DATA"
"CauHinhSKU_LoaiDMH","97","1","NONE","1/1/2025 1:31:39 AM","False","False","False","False","TABLE","False","False","SCHEMA_AND_DATA"
"ChiThuongCuoiNam","2426167","1","NONE","1/1/2025 1:13:28 AM","False","False","False","False","TABLE","False","False","SCHEMA_AND_DATA"
"ChiThuongCuoiNam_2021","2851398","0","NONE","1/1/2022 2:14:24 AM","False","False","False","False","TABLE","False","False","SCHEMA_AND_DATA"
"ChiThuongCuoiNam_2023","2482186","0","NONE","1/1/2024 1:22:46 AM","False","False","False","False","TABLE","False","False","SCHEMA_AND_DATA"
"CHITIET_PS","12","0","NONE","7/27/2016 8:44:11 AM","False","False","False","False","TABLE","False","False","SCHEMA_AND_DATA"
"ChuongTrinh","1","1","NONE","1/1/2025 1:31:39 AM","False","False","False","False","TABLE","False","False","SCHEMA_AND_DATA"
"ConstString1","1","1","NONE","1/1/2025 1:31:39 AM","False","False","False","False","TABLE","False","False","SCHEMA_AND_DATA"
"Coupon","1588479","1","NONE","1/1/2025 1:15:09 AM","False","False","False","False","TABLE","False","False","SCHEMA_AND_DATA"
"Coupon","1588479","2","NONE","1/1/2025 1:15:09 AM","False","False","False","False","TABLE","False","False","SCHEMA_AND_DATA"
"Coupon","1588479","3","NONE","1/1/2025 1:15:09 AM","False","False","False","False","TABLE","False","False","SCHEMA_AND_DATA"
"CTDMQuyen","133","1","NONE","1/1/2025 1:31:39 AM","False","False","False","False","TABLE","False","False","SCHEMA_AND_DATA"
"CTDotCapThe","0","1","NONE","12/22/2015 11:01:59 AM","False","False","False","False","TABLE","False","False","SCHEMA_AND_DATA"
"CTGiaoNhan","0","1","NONE","1/1/2016 11:26:26 AM","False","False","False","False","TABLE","False","False","SCHEMA_AND_DATA"
"CTGiaoNhan_NhanVien","0","1","NONE","1/1/2016 11:26:26 AM","False","False","False","False","TABLE","False","False","SCHEMA_AND_DATA"
"CTGuiCamNang","0","1","NONE","12/22/2015 11:01:58 AM","False","False","False","False","TABLE","False","False","SCHEMA_AND_DATA"
"CTGuiSMS","0","1","NONE","12/22/2015 11:01:58 AM","False","False","False","False","TABLE","False","False","SCHEMA_AND_DATA"
"CTGuiThongTinKhachHang","0","1","NONE","12/22/2015 11:01:58 AM","False","False","False","False","TABLE","False","False","SCHEMA_AND_DATA"
"CTKhuyenMai","453","1","NONE","1/1/2025 1:31:39 AM","False","False","False","False","TABLE","False","False","SCHEMA_AND_DATA"
"CTKhuyenMaiPOS","171","1","NONE","1/1/2025 1:31:39 AM","False","False","False","False","TABLE","False","False","SCHEMA_AND_DATA"
"CTNhanQuaTT","0","1","NONE","1/8/2016 3:45:39 PM","False","False","False","False","TABLE","False","False","SCHEMA_AND_DATA"
"CTNhanThuong","1469468","1","NONE","1/1/2025 1:15:09 AM","False","False","False","False","TABLE","False","False","SCHEMA_AND_DATA"
"CTNhanThuong_2023","0","0","NONE","1/1/2024 1:24:15 AM","False","False","False","False","TABLE","False","False","SCHEMA_AND_DATA"
"CTNhanThuong_2024","2077137","0","NONE","1/1/2025 1:09:53 AM","False","False","False","False","TABLE","False","False","SCHEMA_AND_DATA"
"CTNhanThuong_HoaDon","0","1","NONE","1/1/2025 1:15:10 AM","False","False","False","False","TABLE","False","False","SCHEMA_AND_DATA"
"CTNhanThuongTrongNgay","35615","1","NONE","12/22/2015 11:01:59 AM","False","False","False","False","TABLE","False","False","SCHEMA_AND_DATA"
"CTNhanThuongTrongNgay_2023","49069","0","NONE","1/1/2024 1:24:15 AM","False","False","False","False","TABLE","False","False","SCHEMA_AND_DATA"
"CTNhanThuongTrongNgay_2024","47438","0","NONE","1/1/2025 1:10:08 AM","False","False","False","False","TABLE","False","False","SCHEMA_AND_DATA"
"CTNhomQuyen","146","1","NONE","1/1/2025 1:31:40 AM","False","False","False","False","TABLE","False","False","SCHEMA_AND_DATA"
"CTPhatQua","4","1","NONE","3/25/2017 12:36:27 PM","False","False","False","False","TABLE","False","False","SCHEMA_AND_DATA"
"CTPhatSinh","329121","1","NONE","12/22/2015 11:01:57 AM","False","False","False","False","TABLE","False","False","SCHEMA_AND_DATA"
"CTPhatSinh","329121","2","NONE","12/22/2015 11:01:57 AM","False","False","False","False","TABLE","False","False","SCHEMA_AND_DATA"
"CTPhatSinh_KhuyenMai","42648","1","NONE","12/22/2015 11:01:57 AM","False","False","False","False","TABLE","False","False","SCHEMA_AND_DATA"
"CTPhatSinh_KhuyenMai01","32083","1","NONE","12/22/2015 11:01:57 AM","False","False","False","False","TABLE","False","False","SCHEMA_AND_DATA"
"CTPhatSinh_KhuyenMai01","32083","2","NONE","12/22/2015 11:01:57 AM","False","False","False","False","TABLE","False","False","SCHEMA_AND_DATA"
"CTPhatSinh_KhuyenMai02","26088","1","NONE","12/22/2015 11:01:57 AM","False","False","False","False","TABLE","False","False","SCHEMA_AND_DATA"
"CTPhatSinh_KhuyenMai02","26088","2","NONE","12/22/2015 11:01:57 AM","False","False","False","False","TABLE","False","False","SCHEMA_AND_DATA"
"CTPhatSinh_KhuyenMai03","20820","1","NONE","12/22/2015 11:01:57 AM","False","False","False","False","TABLE","False","False","SCHEMA_AND_DATA"
"CTPhatSinh_KhuyenMai03","20820","2","NONE","12/22/2015 11:01:57 AM","False","False","False","False","TABLE","False","False","SCHEMA_AND_DATA"
"CTPhatSinh_KhuyenMai04","35915","1","NONE","12/22/2015 11:01:57 AM","False","False","False","False","TABLE","False","False","SCHEMA_AND_DATA"
"CTPhatSinh_KhuyenMai04","35915","2","NONE","12/22/2015 11:01:57 AM","False","False","False","False","TABLE","False","False","SCHEMA_AND_DATA"
"CTPhatSinh_KhuyenMai05","29250","1","NONE","12/22/2015 11:01:57 AM","False","False","False","False","TABLE","False","False","SCHEMA_AND_DATA"
"CTPhatSinh_KhuyenMai05","29250","2","NONE","12/22/2015 11:01:57 AM","False","False","False","False","TABLE","False","False","SCHEMA_AND_DATA"
"CTPhatSinh_KhuyenMai06","31631","1","NONE","12/22/2015 11:01:57 AM","False","False","False","False","TABLE","False","False","SCHEMA_AND_DATA"
"CTPhatSinh_KhuyenMai06","31631","2","NONE","12/22/2015 11:01:57 AM","False","False","False","False","TABLE","False","False","SCHEMA_AND_DATA"
"CTPhatSinh_KhuyenMai07","41137","1","NONE","12/22/2015 11:01:57 AM","False","False","False","False","TABLE","False","False","SCHEMA_AND_DATA"
"CTPhatSinh_KhuyenMai07","41137","2","NONE","12/22/2015 11:01:57 AM","False","False","False","False","TABLE","False","False","SCHEMA_AND_DATA"
"CTPhatSinh_KhuyenMai08","31129","1","NONE","12/22/2015 11:01:57 AM","False","False","False","False","TABLE","False","False","SCHEMA_AND_DATA"
"CTPhatSinh_KhuyenMai08","31129","2","NONE","12/22/2015 11:01:57 AM","False","False","False","False","TABLE","False","False","SCHEMA_AND_DATA"
"CTPhatSinh_KhuyenMai09","37200","1","NONE","12/22/2015 11:01:57 AM","False","False","False","False","TABLE","False","False","SCHEMA_AND_DATA"
"CTPhatSinh_KhuyenMai09","37200","2","NONE","12/22/2015 11:01:57 AM","False","False","False","False","TABLE","False","False","SCHEMA_AND_DATA"
"CTPhatSinh_KhuyenMai10","32469","1","NONE","12/22/2015 11:01:57 AM","False","False","False","False","TABLE","False","False","SCHEMA_AND_DATA"
"CTPhatSinh_KhuyenMai10","32469","2","NONE","12/22/2015 11:01:57 AM","False","False","False","False","TABLE","False","False","SCHEMA_AND_DATA"
"CTPhatSinh_KhuyenMai11","0","1","NONE","12/22/2015 11:01:57 AM","False","False","False","False","TABLE","False","False","SCHEMA_AND_DATA"
"CTPhatSinh_KhuyenMai11","0","2","NONE","12/22/2015 11:01:57 AM","False","False","False","False","TABLE","False","False","SCHEMA_AND_DATA"
"CTPhatSinh_KhuyenMai12","0","1","NONE","12/22/2015 11:01:57 AM","False","False","False","False","TABLE","False","False","SCHEMA_AND_DATA"
"CTPhatSinh_KhuyenMai12","0","2","NONE","12/22/2015 11:01:57 AM","False","False","False","False","TABLE","False","False","SCHEMA_AND_DATA"
"CTPhatSinh_KhuyenMaiPOS","136646","1","NONE","12/22/2015 11:08:19 AM","False","False","False","False","TABLE","False","False","SCHEMA_AND_DATA"
"CTPhatSinh_KhuyenMaiPOS","136646","2","NONE","12/22/2015 11:08:19 AM","False","False","False","False","TABLE","False","False","SCHEMA_AND_DATA"
"CTPhatSinh_KhuyenMaiPOS01","0","1","NONE","12/22/2015 11:08:20 AM","False","False","False","False","TABLE","False","False","SCHEMA_AND_DATA"
"CTPhatSinh_KhuyenMaiPOS01","0","2","NONE","12/22/2015 11:08:20 AM","False","False","False","False","TABLE","False","False","SCHEMA_AND_DATA"
"CTPhatSinh_KhuyenMaiPOS02","0","1","NONE","12/22/2015 11:08:20 AM","False","False","False","False","TABLE","False","False","SCHEMA_AND_DATA"
"CTPhatSinh_KhuyenMaiPOS02","0","2","NONE","12/22/2015 11:08:20 AM","False","False","False","False","TABLE","False","False","SCHEMA_AND_DATA"
"CTPhatSinh_KhuyenMaiPOS03","0","1","NONE","12/22/2015 11:08:20 AM","False","False","False","False","TABLE","False","False","SCHEMA_AND_DATA"
"CTPhatSinh_KhuyenMaiPOS03","0","2","NONE","12/22/2015 11:08:20 AM","False","False","False","False","TABLE","False","False","SCHEMA_AND_DATA"
"CTPhatSinh_KhuyenMaiPOS04","0","1","NONE","12/22/2015 11:08:20 AM","False","False","False","False","TABLE","False","False","SCHEMA_AND_DATA"
"CTPhatSinh_KhuyenMaiPOS04","0","2","NONE","12/22/2015 11:08:20 AM","False","False","False","False","TABLE","False","False","SCHEMA_AND_DATA"
"CTPhatSinh_KhuyenMaiPOS05","0","1","NONE","12/22/2015 11:08:20 AM","False","False","False","False","TABLE","False","False","SCHEMA_AND_DATA"
"CTPhatSinh_KhuyenMaiPOS05","0","2","NONE","12/22/2015 11:08:20 AM","False","False","False","False","TABLE","False","False","SCHEMA_AND_DATA"
"CTPhatSinh_KhuyenMaiPOS06","0","1","NONE","12/22/2015 11:08:20 AM","False","False","False","False","TABLE","False","False","SCHEMA_AND_DATA"
"CTPhatSinh_KhuyenMaiPOS06","0","2","NONE","12/22/2015 11:08:20 AM","False","False","False","False","TABLE","False","False","SCHEMA_AND_DATA"
"CTPhatSinh_KhuyenMaiPOS07","0","1","NONE","12/22/2015 11:08:20 AM","False","False","False","False","TABLE","False","False","SCHEMA_AND_DATA"
"CTPhatSinh_KhuyenMaiPOS07","0","2","NONE","12/22/2015 11:08:20 AM","False","False","False","False","TABLE","False","False","SCHEMA_AND_DATA"
"CTPhatSinh_KhuyenMaiPOS08","0","1","NONE","12/22/2015 11:08:20 AM","False","False","False","False","TABLE","False","False","SCHEMA_AND_DATA"
"CTPhatSinh_KhuyenMaiPOS08","0","2","NONE","12/22/2015 11:08:20 AM","False","False","False","False","TABLE","False","False","SCHEMA_AND_DATA"
"CTPhatSinh_KhuyenMaiPOS09","0","1","NONE","12/22/2015 11:08:20 AM","False","False","False","False","TABLE","False","False","SCHEMA_AND_DATA"
"CTPhatSinh_KhuyenMaiPOS09","0","2","NONE","12/22/2015 11:08:20 AM","False","False","False","False","TABLE","False","False","SCHEMA_AND_DATA"
"CTPhatSinh_KhuyenMaiPOS10","0","1","NONE","12/22/2015 11:08:20 AM","False","False","False","False","TABLE","False","False","SCHEMA_AND_DATA"
"CTPhatSinh_KhuyenMaiPOS10","0","2","NONE","12/22/2015 11:08:20 AM","False","False","False","False","TABLE","False","False","SCHEMA_AND_DATA"
"CTPhatSinh_KhuyenMaiPOS11","0","1","NONE","12/22/2015 11:08:20 AM","False","False","False","False","TABLE","False","False","SCHEMA_AND_DATA"
"CTPhatSinh_KhuyenMaiPOS11","0","2","NONE","12/22/2015 11:08:20 AM","False","False","False","False","TABLE","False","False","SCHEMA_AND_DATA"
"CTPhatSinh_KhuyenMaiPOS12","0","1","NONE","12/22/2015 11:08:20 AM","False","False","False","False","TABLE","False","False","SCHEMA_AND_DATA"
"CTPhatSinh_KhuyenMaiPOS12","0","2","NONE","12/22/2015 11:08:20 AM","False","False","False","False","TABLE","False","False","SCHEMA_AND_DATA"
"CTPhatSinh01","798991","1","NONE","12/22/2015 11:01:56 AM","False","False","False","False","TABLE","False","False","SCHEMA_AND_DATA"
"CTPhatSinh01","798991","2","NONE","12/22/2015 11:01:56 AM","False","False","False","False","TABLE","False","False","SCHEMA_AND_DATA"
"CTPhatSinh02","695633","1","NONE","12/22/2015 11:01:57 AM","False","False","False","False","TABLE","False","False","SCHEMA_AND_DATA"
"CTPhatSinh02","695633","2","NONE","12/22/2015 11:01:57 AM","False","False","False","False","TABLE","False","False","SCHEMA_AND_DATA"
"CTPhatSinh03","871013","1","NONE","12/22/2015 11:01:57 AM","False","False","False","False","TABLE","False","False","SCHEMA_AND_DATA"
"CTPhatSinh03","871013","2","NONE","12/22/2015 11:01:57 AM","False","False","False","False","TABLE","False","False","SCHEMA_AND_DATA"
"CTPhatSinh04","835767","1","NONE","12/22/2015 11:01:57 AM","False","False","False","False","TABLE","False","False","SCHEMA_AND_DATA"
"CTPhatSinh04","835767","2","NONE","12/22/2015 11:01:57 AM","False","False","False","False","TABLE","False","False","SCHEMA_AND_DATA"
"CTPhatSinh05","871403","1","NONE","12/22/2015 11:01:57 AM","False","False","False","False","TABLE","False","False","SCHEMA_AND_DATA"
"CTPhatSinh05","871403","2","NONE","12/22/2015 11:01:57 AM","False","False","False","False","TABLE","False","False","SCHEMA_AND_DATA"
"CTPhatSinh06","873833","1","NONE","12/22/2015 11:01:57 AM","False","False","False","False","TABLE","False","False","SCHEMA_AND_DATA"
"CTPhatSinh06","873833","2","NONE","12/22/2015 11:01:57 AM","False","False","False","False","TABLE","False","False","SCHEMA_AND_DATA"
"CTPhatSinh07","922192","1","NONE","12/22/2015 11:01:57 AM","False","False","False","False","TABLE","False","False","SCHEMA_AND_DATA"
"CTPhatSinh07","922192","2","NONE","12/22/2015 11:01:57 AM","False","False","False","False","TABLE","False","False","SCHEMA_AND_DATA"
"CTPhatSinh08","937729","1","NONE","12/22/2015 11:01:57 AM","False","False","False","False","TABLE","False","False","SCHEMA_AND_DATA"
"CTPhatSinh08","937729","2","NONE","12/22/2015 11:01:57 AM","False","False","False","False","TABLE","False","False","SCHEMA_AND_DATA"
"CTPhatSinh09","924630","1","NONE","12/22/2015 11:01:57 AM","False","False","False","False","TABLE","False","False","SCHEMA_AND_DATA"
"CTPhatSinh09","924630","2","NONE","12/22/2015 11:01:57 AM","False","False","False","False","TABLE","False","False","SCHEMA_AND_DATA"
"CTPhatSinh10","952514","1","NONE","12/22/2015 11:01:57 AM","False","False","False","False","TABLE","False","False","SCHEMA_AND_DATA"
"CTPhatSinh10","952514","2","NONE","12/22/2015 11:01:57 AM","False","False","False","False","TABLE","False","False","SCHEMA_AND_DATA"
"CTPhatSinh11","962426","1","NONE","12/22/2015 11:01:57 AM","False","False","False","False","TABLE","False","False","SCHEMA_AND_DATA"
"CTPhatSinh11","962426","2","NONE","12/22/2015 11:01:57 AM","False","False","False","False","TABLE","False","False","SCHEMA_AND_DATA"
"CTPhatSinh12","0","1","NONE","12/22/2015 11:01:57 AM","False","False","False","False","TABLE","False","False","SCHEMA_AND_DATA"
"CTPhatSinh12","0","2","NONE","12/22/2015 11:01:57 AM","False","False","False","False","TABLE","False","False","SCHEMA_AND_DATA"
"CTPhieuQT","625932","1","NONE","1/8/2016 3:45:41 PM","False","False","False","False","TABLE","False","False","SCHEMA_AND_DATA"
"CTPhieuQT2012","0","0","NONE","12/22/2015 11:01:58 AM","False","False","False","False","TABLE","False","False","SCHEMA_AND_DATA"
"CTQuyenNhanVien","57133","1","NONE","1/1/2025 1:31:40 AM","False","False","False","False","TABLE","False","False","SCHEMA_AND_DATA"
"CTQuyenNhomNhanVien","212","1","NONE","1/1/2025 1:31:40 AM","False","False","False","False","TABLE","False","False","SCHEMA_AND_DATA"
"CTTichLuy","99259","1","NONE","12/22/2015 11:01:57 AM","False","False","False","False","TABLE","False","False","SCHEMA_AND_DATA"
"CTTichLuy","99259","2","NONE","12/22/2015 11:01:57 AM","False","False","False","False","TABLE","False","False","SCHEMA_AND_DATA"
"CustomerList","11","0","NONE","5/6/2025 9:21:14 AM","False","False","False","False","TABLE","False","False","SCHEMA_AND_DATA"
"DieuKienKhuyenMaiPOS","1727","1","NONE","1/1/2025 1:31:40 AM","False","False","False","False","TABLE","False","False","SCHEMA_AND_DATA"
"DMLoaiKH","6","1","NONE","1/1/2025 1:31:40 AM","False","False","False","False","TABLE","False","False","SCHEMA_AND_DATA"
"DMNguonDKyKH","4","1","NONE","1/1/2025 1:31:40 AM","False","False","False","False","TABLE","False","False","SCHEMA_AND_DATA"
"DMQuaySUD","4","1","NONE","11/26/2025 3:23:13 PM","False","False","False","False","TABLE","False","False","SCHEMA_AND_DATA"
"DMQuyen","141","1","NONE","1/1/2025 1:31:40 AM","False","False","False","False","TABLE","False","False","SCHEMA_AND_DATA"
"DMThuNhap","4","1","NONE","1/1/2025 1:31:40 AM","False","False","False","False","TABLE","False","False","SCHEMA_AND_DATA"
"DotCapThe","0","1","NONE","12/22/2015 11:01:59 AM","False","False","False","False","TABLE","False","False","SCHEMA_AND_DATA"
"DotCapThe_SieuThi","0","1","NONE","12/22/2015 11:01:59 AM","False","False","False","False","TABLE","False","False","SCHEMA_AND_DATA"
"DotTangQuaSinhNhat","0","1","NONE","12/22/2015 11:01:58 AM","False","False","False","False","TABLE","False","False","SCHEMA_AND_DATA"
"DSDiemCF_TongHop1","1533","0","NONE","9/9/2024 3:56:04 PM","False","False","False","False","TABLE","False","False","SCHEMA_AND_DATA"
"DSDiemCF_TongHop2","428","0","NONE","9/12/2024 2:00:16 PM","False","False","False","False","TABLE","False","False","SCHEMA_AND_DATA"
"DSDiemCF_TongHop3","145","0","NONE","9/23/2024 10:22:16 AM","False","False","False","False","TABLE","False","False","SCHEMA_AND_DATA"
"DSDiemCF_TongHop3_DieuChinh","143","0","NONE","9/23/2024 11:00:49 AM","False","False","False","False","TABLE","False","False","SCHEMA_AND_DATA"
"DSDiemCF_TongHop4","73","0","NONE","11/11/2024 9:33:46 AM","False","False","False","False","TABLE","False","False","SCHEMA_AND_DATA"
"DSDiemCF_TongHop5","3990","0","NONE","12/20/2024 10:53:00 AM","False","False","False","False","TABLE","False","False","SCHEMA_AND_DATA"
"ExceptionPOS","1448","1","NONE","1/1/2025 1:31:40 AM","False","False","False","False","TABLE","False","False","SCHEMA_AND_DATA"
"GiftPromotion_Canceled","419","1","NONE","10/8/2024 3:57:18 PM","False","False","False","False","TABLE","False","False","SCHEMA_AND_DATA"
"GiftPromotion_ST","1441","0","NONE","9/21/2024 11:13:40 AM","False","False","False","False","TABLE","False","False","SCHEMA_AND_DATA"
"GiftPromotion_ST","1441","2","NONE","9/21/2024 11:13:40 AM","False","False","False","False","TABLE","False","False","SCHEMA_AND_DATA"
"GiftPromotion_ST","1441","3","NONE","9/21/2024 11:13:40 AM","False","False","False","False","TABLE","False","False","SCHEMA_AND_DATA"
"GiftPromotion_ST","1441","4","NONE","9/21/2024 11:13:40 AM","False","False","False","False","TABLE","False","False","SCHEMA_AND_DATA"
"GiftPromotion_ST","1441","5","NONE","9/21/2024 11:13:40 AM","False","False","False","False","TABLE","False","False","SCHEMA_AND_DATA"
"GiftPromotion_ST","1441","6","NONE","9/21/2024 11:13:40 AM","False","False","False","False","TABLE","False","False","SCHEMA_AND_DATA"
"GuiThongTinKhachHang","0","1","NONE","12/22/2015 11:01:58 AM","False","False","False","False","TABLE","False","False","SCHEMA_AND_DATA"
"HinhThuc","1","0","NONE","1/1/2025 1:31:40 AM","False","False","False","False","TABLE","False","False","SCHEMA_AND_DATA"
"HinhThuc_BK","1","1","NONE","12/31/2018 9:54:33 PM","False","False","False","False","TABLE","False","False","SCHEMA_AND_DATA"
"History_ChiThuongCuoiNam","0","1","NONE","12/22/2015 11:01:58 AM","False","False","False","False","TABLE","False","False","SCHEMA_AND_DATA"
"History_INVTSERV01","15901223","0","NONE","12/22/2015 11:08:19 AM","False","False","False","False","TABLE","False","False","SCHEMA_AND_DATA"
"History_INVTSERV02","14674682","0","NONE","12/22/2015 11:08:19 AM","False","False","False","False","TABLE","False","False","SCHEMA_AND_DATA"
"History_INVTSERV03","19953716","0","NONE","12/22/2015 11:08:19 AM","False","False","False","False","TABLE","False","False","SCHEMA_AND_DATA"
"History_INVTSERV04","19334938","0","NONE","12/22/2015 11:08:19 AM","False","False","False","False","TABLE","False","False","SCHEMA_AND_DATA"
"History_INVTSERV05","19087470","0","NONE","12/22/2015 11:08:19 AM","False","False","False","False","TABLE","False","False","SCHEMA_AND_DATA"
"History_INVTSERV06","19345483","0","NONE","12/22/2015 11:08:19 AM","False","False","False","False","TABLE","False","False","SCHEMA_AND_DATA"
"History_INVTSERV07","19439353","0","NONE","12/22/2015 11:08:19 AM","False","False","False","False","TABLE","False","False","SCHEMA_AND_DATA"
"History_INVTSERV08","20936551","0","NONE","12/22/2015 11:08:19 AM","False","False","False","False","TABLE","False","False","SCHEMA_AND_DATA"
"History_INVTSERV09","19619955","0","NONE","12/22/2015 11:08:19 AM","False","False","False","False","TABLE","False","False","SCHEMA_AND_DATA"
"History_INVTSERV10","17995240","0","NONE","12/22/2015 11:08:19 AM","False","False","False","False","TABLE","False","False","SCHEMA_AND_DATA"
"History_INVTSERV11","21139281","0","NONE","12/22/2015 11:08:19 AM","False","False","False","False","TABLE","False","False","SCHEMA_AND_DATA"
"History_INVTSERV12","14743746","0","NONE","12/22/2015 11:08:19 AM","False","False","False","False","TABLE","False","False","SCHEMA_AND_DATA"
"History_KhachHang","33477","1","NONE","1/9/2016 9:11:30 AM","False","False","False","False","TABLE","False","False","SCHEMA_AND_DATA"
"History_KhachHang","33477","2","NONE","1/9/2016 9:11:30 AM","False","False","False","False","TABLE","False","False","SCHEMA_AND_DATA"
"History_KhachHang","33477","3","NONE","1/9/2016 9:11:30 AM","False","False","False","False","TABLE","False","False","SCHEMA_AND_DATA"
"History_KhachHang","33477","4","NONE","1/9/2016 9:11:30 AM","False","False","False","False","TABLE","False","False","SCHEMA_AND_DATA"
"History_KhachHang","33477","5","NONE","1/9/2016 9:11:30 AM","False","False","False","False","TABLE","False","False","SCHEMA_AND_DATA"
"History_KhachHang","33477","6","NONE","1/9/2016 9:11:30 AM","False","False","False","False","TABLE","False","False","SCHEMA_AND_DATA"
"History_KhachHang","33477","7","NONE","1/9/2016 9:11:30 AM","False","False","False","False","TABLE","False","False","SCHEMA_AND_DATA"
"History_KhachHang","33477","8","NONE","1/9/2016 9:11:30 AM","False","False","False","False","TABLE","False","False","SCHEMA_AND_DATA"
"History_PrintVoucher","23","1","NONE","10/15/2025 9:41:33 AM","False","False","False","False","TABLE","False","False","SCHEMA_AND_DATA"
"History_TNDSERV01","4349281","0","NONE","6/15/2020 2:43:17 PM","False","False","False","False","TABLE","False","False","SCHEMA_AND_DATA"
"History_TNDSERV02","2749063","0","NONE","6/15/2020 2:43:17 PM","False","False","False","False","TABLE","False","False","SCHEMA_AND_DATA"
"History_TNDSERV03","4115850","0","NONE","6/15/2020 2:43:17 PM","False","False","False","False","TABLE","False","False","SCHEMA_AND_DATA"
"History_TNDSERV04","3509516","0","NONE","6/15/2020 2:43:17 PM","False","False","False","False","TABLE","False","False","SCHEMA_AND_DATA"
"History_TNDSERV05","4633254","0","NONE","6/15/2020 2:43:17 PM","False","False","False","False","TABLE","False","False","SCHEMA_AND_DATA"
"History_TNDSERV06","12525451","0","NONE","6/15/2020 2:43:17 PM","False","False","False","False","TABLE","False","False","SCHEMA_AND_DATA"
"History_TNDSERV07","5423841","0","NONE","6/15/2020 2:43:17 PM","False","False","False","False","TABLE","False","False","SCHEMA_AND_DATA"
"History_TNDSERV08","6003016","0","NONE","6/15/2020 2:43:17 PM","False","False","False","False","TABLE","False","False","SCHEMA_AND_DATA"
"History_TNDSERV09","4524597","0","NONE","6/15/2020 2:43:17 PM","False","False","False","False","TABLE","False","False","SCHEMA_AND_DATA"
"History_TNDSERV10","5267492","0","NONE","6/15/2020 2:43:17 PM","False","False","False","False","TABLE","False","False","SCHEMA_AND_DATA"
"History_TNDSERV11","66463088","0","NONE","6/15/2020 2:43:17 PM","False","False","False","False","TABLE","False","False","SCHEMA_AND_DATA"
"History_TNDSERV12","5177737","0","NONE","6/15/2020 2:43:17 PM","False","False","False","False","TABLE","False","False","SCHEMA_AND_DATA"
"History_XemBaoCao","0","1","NONE","12/22/2015 11:01:58 AM","False","False","False","False","TABLE","False","False","SCHEMA_AND_DATA"
"HistoryPIN","0","1","NONE","5/28/2018 3:32:40 PM","False","False","False","False","TABLE","False","False","SCHEMA_AND_DATA"
"INVTSERV_2023","25698","0","NONE","12/16/2024 8:54:33 AM","False","False","False","False","TABLE","False","False","SCHEMA_AND_DATA"
"INVTSERV_658","350","0","NONE","8/29/2017 9:51:31 AM","False","False","False","False","TABLE","False","False","SCHEMA_AND_DATA"
"INVTSERV_CFTAYNGUYEN_1411","182","0","NONE","11/14/2019 11:27:28 AM","False","False","False","False","TABLE","False","False","SCHEMA_AND_DATA"
"INVTSERV0","0","1","NONE","10/18/2023 9:56:04 AM","False","False","False","False","TABLE","False","False","SCHEMA_AND_DATA"
"INVTSERV1","0","1","NONE","8/10/2016 2:44:11 PM","False","False","False","False","TABLE","False","False","SCHEMA_AND_DATA"
"INVTSERV10","152242","1","NONE","12/28/2015 2:35:41 PM","False","False","False","False","TABLE","False","False","SCHEMA_AND_DATA"
"INVTSERV11","72444","1","NONE","12/28/2015 2:36:03 PM","False","False","False","False","TABLE","False","False","SCHEMA_AND_DATA"
"INVTSERV12","107655","1","NONE","12/28/2015 2:37:04 PM","False","False","False","False","TABLE","False","False","SCHEMA_AND_DATA"
"INVTSERV13","57966","1","NONE","12/28/2015 2:37:20 PM","False","False","False","False","TABLE","False","False","SCHEMA_AND_DATA"
"INVTSERV14","105853","1","NONE","12/28/2015 2:37:39 PM","False","False","False","False","TABLE","False","False","SCHEMA_AND_DATA"
"INVTSERV15","133792","1","NONE","12/28/2015 2:44:21 PM","False","False","False","False","TABLE","False","False","SCHEMA_AND_DATA"
"INVTSERV16","120848","1","NONE","12/28/2015 2:44:36 PM","False","False","False","False","TABLE","False","False","SCHEMA_AND_DATA"
"INVTSERV17","106121","1","NONE","12/28/2015 2:44:56 PM","False","False","False","False","TABLE","False","False","SCHEMA_AND_DATA"
"INVTSERV18","0","1","NONE","12/28/2015 2:45:25 PM","False","False","False","False","TABLE","False","False","SCHEMA_AND_DATA"
"INVTSERV19","0","1","NONE","12/28/2015 2:46:06 PM","False","False","False","False","TABLE","False","False","SCHEMA_AND_DATA"
"INVTSERV2","0","1","NONE","12/28/2015 2:46:20 PM","False","False","False","False","TABLE","False","False","SCHEMA_AND_DATA"
"INVTSERV20","0","1","NONE","12/28/2015 2:46:35 PM","False","False","False","False","TABLE","False","False","SCHEMA_AND_DATA"
"INVTSERV21","0","1","NONE","12/28/2015 2:47:18 PM","False","False","False","False","TABLE","False","False","SCHEMA_AND_DATA"
"INVTSERV22","0","1","NONE","12/28/2015 2:47:53 PM","False","False","False","False","TABLE","False","False","SCHEMA_AND_DATA"
"INVTSERV23","0","1","NONE","12/28/2015 2:48:17 PM","False","False","False","False","TABLE","False","False","SCHEMA_AND_DATA"
"INVTSERV24","0","1","NONE","12/28/2015 2:48:29 PM","False","False","False","False","TABLE","False","False","SCHEMA_AND_DATA"
"INVTSERV25","0","1","NONE","12/28/2015 2:48:55 PM","False","False","False","False","TABLE","False","False","SCHEMA_AND_DATA"
"INVTSERV26","0","1","NONE","12/28/2015 2:50:08 PM","False","False","False","False","TABLE","False","False","SCHEMA_AND_DATA"
"INVTSERV27","0","1","NONE","12/28/2015 2:50:33 PM","False","False","False","False","TABLE","False","False","SCHEMA_AND_DATA"
"INVTSERV28","0","1","NONE","12/28/2015 2:51:04 PM","False","False","False","False","TABLE","False","False","SCHEMA_AND_DATA"
"INVTSERV29","0","1","NONE","12/28/2015 2:51:40 PM","False","False","False","False","TABLE","False","False","SCHEMA_AND_DATA"
"INVTSERV3","0","1","NONE","12/28/2015 2:51:54 PM","False","False","False","False","TABLE","False","False","SCHEMA_AND_DATA"
"INVTSERV30","0","1","NONE","12/28/2015 2:52:08 PM","False","False","False","False","TABLE","False","False","SCHEMA_AND_DATA"
"INVTSERV4","0","1","NONE","12/28/2015 2:52:22 PM","False","False","False","False","TABLE","False","False","SCHEMA_AND_DATA"
"INVTSERV5","0","1","NONE","12/28/2015 2:52:37 PM","False","False","False","False","TABLE","False","False","SCHEMA_AND_DATA"
"INVTSERV6","0","1","NONE","12/28/2015 2:52:50 PM","False","False","False","False","TABLE","False","False","SCHEMA_AND_DATA"
"INVTSERV7","0","1","NONE","12/28/2015 2:53:10 PM","False","False","False","False","TABLE","False","False","SCHEMA_AND_DATA"
"INVTSERV8","0","1","NONE","12/28/2015 2:53:24 PM","False","False","False","False","TABLE","False","False","SCHEMA_AND_DATA"
"INVTSERV9","0","1","NONE","12/28/2015 2:53:41 PM","False","False","False","False","TABLE","False","False","SCHEMA_AND_DATA"
"KhachHang","2757379","1","NONE","1/1/2025 1:35:42 AM","False","False","False","False","TABLE","False","False","SCHEMA_AND_DATA"
"KhachHang","2757379","2","NONE","1/1/2025 1:35:42 AM","False","False","False","False","TABLE","False","False","SCHEMA_AND_DATA"
"KhachHang","2757379","3","NONE","1/1/2025 1:35:42 AM","False","False","False","False","TABLE","False","False","SCHEMA_AND_DATA"
"KhachHang","2757379","4","NONE","1/1/2025 1:35:42 AM","False","False","False","False","TABLE","False","False","SCHEMA_AND_DATA"
"KhachHang","2757379","5","NONE","1/1/2025 1:35:42 AM","False","False","False","False","TABLE","False","False","SCHEMA_AND_DATA"
"KhachHang","2757379","6","NONE","1/1/2025 1:35:42 AM","False","False","False","False","TABLE","False","False","SCHEMA_AND_DATA"
"KhachHang","2757379","7","NONE","1/1/2025 1:35:42 AM","False","False","False","False","TABLE","False","False","SCHEMA_AND_DATA"
"KhachHang","2757379","8","NONE","1/1/2025 1:35:42 AM","False","False","False","False","TABLE","False","False","SCHEMA_AND_DATA"
"KhachHang_QuaTang_CapDo","0","1","NONE","1/1/2025 1:15:10 AM","False","False","False","False","TABLE","False","False","SCHEMA_AND_DATA"
"KhachHang_QuaTang_CapDo","0","2","NONE","1/1/2025 1:15:10 AM","False","False","False","False","TABLE","False","False","SCHEMA_AND_DATA"
"KhachHang_QuaTang_CapDo_Cu","0","1","NONE","1/1/2025 1:13:29 AM","False","False","False","False","TABLE","False","False","SCHEMA_AND_DATA"
"KhuVuc","12","1","NONE","1/1/2025 1:31:41 AM","False","False","False","False","TABLE","False","False","SCHEMA_AND_DATA"
"KhuyenMai","174","1","NONE","1/1/2025 1:31:41 AM","False","False","False","False","TABLE","False","False","SCHEMA_AND_DATA"
"KhuyenMai_SieuThi","174","1","NONE","1/1/2025 1:31:41 AM","False","False","False","False","TABLE","False","False","SCHEMA_AND_DATA"
"KhuyenMai_SieuThiPOS","1601","1","NONE","1/1/2025 1:31:41 AM","False","False","False","False","TABLE","False","False","SCHEMA_AND_DATA"
"KhuyenMaiPOS","171","1","NONE","1/1/2025 1:31:41 AM","False","False","False","False","TABLE","False","False","SCHEMA_AND_DATA"
"KyTuDinhDang","9","1","NONE","1/1/2025 1:31:41 AM","False","False","False","False","TABLE","False","False","SCHEMA_AND_DATA"
"LichSuCapTheST","173377","0","NONE","12/22/2015 11:01:59 AM","False","False","False","False","TABLE","False","False","SCHEMA_AND_DATA"
"LichSuCapTheTT","4167797","1","NONE","1/8/2016 3:45:42 PM","False","False","False","False","TABLE","False","False","SCHEMA_AND_DATA"
"LichSuHuyChietKhauPOS","62","1","NONE","12/22/2015 11:08:20 AM","False","False","False","False","TABLE","False","False","SCHEMA_AND_DATA"
"LichSuHuyPhieuQRCode","0","1","NONE","7/9/2018 9:32:14 AM","False","False","False","False","TABLE","False","False","SCHEMA_AND_DATA"
"LichSuThayDoiHTX","24","1","NONE","12/8/2025 10:18:37 AM","False","False","False","False","TABLE","False","False","SCHEMA_AND_DATA"
"LichSuThayDoiSieuThi","91068","1","NONE","12/22/2015 11:01:58 AM","False","False","False","False","TABLE","False","False","SCHEMA_AND_DATA"
"LoaiDongThuongHieu","59","1","NONE","1/1/2025 1:31:41 AM","False","False","False","False","TABLE","False","False","SCHEMA_AND_DATA"
"LoaiKhuyenMai","13","1","NONE","1/1/2025 1:31:41 AM","False","False","False","False","TABLE","False","False","SCHEMA_AND_DATA"
"LoaiLyDo","7","1","NONE","1/1/2025 1:31:41 AM","False","False","False","False","TABLE","False","False","SCHEMA_AND_DATA"
"LoaiQuaTang","2","1","NONE","8/14/2024 10:11:38 AM","False","False","False","False","TABLE","False","False","SCHEMA_AND_DATA"
"LoaiThoiGianKhuyenMai","0","1","NONE","1/1/2025 1:31:42 AM","False","False","False","False","TABLE","False","False","SCHEMA_AND_DATA"
"LyDo","18","1","NONE","1/1/2025 1:31:42 AM","False","False","False","False","TABLE","False","False","SCHEMA_AND_DATA"
"Message","0","1","NONE","12/22/2015 11:08:20 AM","False","False","False","False","TABLE","False","False","SCHEMA_AND_DATA"
"Message_NhanVien","0","1","NONE","12/22/2015 11:08:20 AM","False","False","False","False","TABLE","False","False","SCHEMA_AND_DATA"
"MSreplication_objects","207","1","NONE","12/29/2018 10:14:29 AM","False","False","False","False","TABLE","False","False","SCHEMA_AND_DATA"
"MSreplication_subscriptions","25","1","NONE","10/10/2017 9:40:54 AM","False","False","False","False","TABLE","False","False","SCHEMA_AND_DATA"
"MSsavedforeignkeycolumns","0","1","NONE","1/1/2021 1:07:43 AM","False","False","False","False","TABLE","False","False","SCHEMA_AND_DATA"
"MSsavedforeignkeycolumns","0","2","NONE","1/1/2021 1:07:43 AM","False","False","False","False","TABLE","False","False","SCHEMA_AND_DATA"
"MSsavedforeignkeyextendedproperties","0","1","NONE","1/1/2021 1:07:43 AM","False","False","False","False","TABLE","False","False","SCHEMA_AND_DATA"
"MSsavedforeignkeyextendedproperties","0","2","NONE","1/1/2021 1:07:43 AM","False","False","False","False","TABLE","False","False","SCHEMA_AND_DATA"
"MSsavedforeignkeys","0","1","NONE","1/1/2021 1:07:43 AM","False","False","False","False","TABLE","False","False","SCHEMA_AND_DATA"
"MSsavedforeignkeys","0","2","NONE","1/1/2021 1:07:43 AM","False","False","False","False","TABLE","False","False","SCHEMA_AND_DATA"
"MSsnapshotdeliveryprogress","0","0","NONE","1/1/2021 1:07:43 AM","False","False","False","False","TABLE","False","False","SCHEMA_AND_DATA"
"MSsnapshotdeliveryprogress","0","2","NONE","1/1/2021 1:07:43 AM","False","False","False","False","TABLE","False","False","SCHEMA_AND_DATA"
"MSsnapshotdeliveryprogress","0","3","NONE","1/1/2021 1:07:43 AM","False","False","False","False","TABLE","False","False","SCHEMA_AND_DATA"
"MSsubscription_agents","25","1","NONE","10/10/2017 9:40:54 AM","False","False","False","False","TABLE","False","False","SCHEMA_AND_DATA"
"MSsubscription_agents","25","2","NONE","10/10/2017 9:40:54 AM","False","False","False","False","TABLE","False","False","SCHEMA_AND_DATA"
"NgheNghiep","8","1","NONE","1/1/2025 1:31:42 AM","False","False","False","False","TABLE","False","False","SCHEMA_AND_DATA"
"NhaCungCap","2","1","NONE","1/1/2025 1:31:42 AM","False","False","False","False","TABLE","False","False","SCHEMA_AND_DATA"
"NhanThuong","1422","1","NONE","1/1/2025 1:31:42 AM","False","False","False","False","TABLE","False","False","SCHEMA_AND_DATA"
"NhanThuong_KhachHang","35431","1","NONE","12/7/2016 9:28:12 AM","False","False","False","False","TABLE","False","False","SCHEMA_AND_DATA"
"NhanThuong_QuaTang","1606","1","NONE","1/1/2025 1:31:42 AM","False","False","False","False","TABLE","False","False","SCHEMA_AND_DATA"
"NhanThuong_QuaTang_CapDo","276","1","NONE","1/1/2025 1:31:42 AM","False","False","False","False","TABLE","False","False","SCHEMA_AND_DATA"
"NhanThuong_SieuThi","1639","1","NONE","1/1/2025 1:31:42 AM","False","False","False","False","TABLE","False","False","SCHEMA_AND_DATA"
"NhanVien","3186","1","NONE","1/1/2025 1:31:43 AM","False","False","False","False","TABLE","False","False","SCHEMA_AND_DATA"
"NhomNhanVien","18","1","NONE","1/1/2025 1:31:43 AM","False","False","False","False","TABLE","False","False","SCHEMA_AND_DATA"
"NhomNhanVien_DMQuyen","497","1","NONE","1/1/2025 1:31:43 AM","False","False","False","False","TABLE","False","False","SCHEMA_AND_DATA"
"NhomQuyen","11","1","NONE","1/1/2025 1:31:43 AM","False","False","False","False","TABLE","False","False","SCHEMA_AND_DATA"
"PhieuQRCode","6","1","NONE","5/28/2018 3:32:40 PM","False","False","False","False","TABLE","False","False","SCHEMA_AND_DATA"
"PhuongXa","3322","1","NONE","1/1/2025 1:31:43 AM","False","False","False","False","TABLE","False","False","SCHEMA_AND_DATA"
"QuanHuyen","35","1","NONE","1/1/2025 1:31:43 AM","False","False","False","False","TABLE","False","False","SCHEMA_AND_DATA"
"QuaTang","47","1","NONE","1/1/2025 1:31:43 AM","False","False","False","False","TABLE","False","False","SCHEMA_AND_DATA"
"QuaTangSinhNhat","0","1","NONE","12/22/2015 11:01:58 AM","False","False","False","False","TABLE","False","False","SCHEMA_AND_DATA"
"QuaySUD_NhanThuong","0","1","NONE","2/7/2025 10:25:16 AM","False","False","False","False","TABLE","False","False","SCHEMA_AND_DATA"
"QuocGia","141","1","NONE","1/1/2025 1:31:43 AM","False","False","False","False","TABLE","False","False","SCHEMA_AND_DATA"
"QuyenNhanVien","101971","1","NONE","1/1/2025 1:31:43 AM","False","False","False","False","TABLE","False","False","SCHEMA_AND_DATA"
"ReportLog","3034","1","NONE","1/1/2016 11:26:26 AM","False","False","False","False","TABLE","False","False","SCHEMA_AND_DATA"
"ScriptTable","1","0","NONE","12/4/2025 2:08:40 PM","False","False","False","False","TABLE","False","False","SCHEMA_AND_DATA"
"SGC_ApplicationItem","53","1","NONE","1/8/2016 3:45:42 PM","False","False","False","False","TABLE","False","False","SCHEMA_AND_DATA"
"SGC_Attachment","9","1","NONE","1/8/2016 3:45:43 PM","False","False","False","False","TABLE","False","False","SCHEMA_AND_DATA"
"SGC_DocumentDetail","219","1","NONE","1/8/2016 3:45:44 PM","False","False","False","False","TABLE","False","False","SCHEMA_AND_DATA"
"SGC_DocumentIssue","220","1","NONE","1/8/2016 3:45:44 PM","False","False","False","False","TABLE","False","False","SCHEMA_AND_DATA"
"SGC_Feedback","51","1","NONE","1/8/2016 3:45:45 PM","False","False","False","False","TABLE","False","False","SCHEMA_AND_DATA"
"SieuThi","923","1","NONE","1/1/2025 1:31:43 AM","False","False","False","False","TABLE","False","False","SCHEMA_AND_DATA"
"SieuThi_Group","42","1","NONE","2/18/2021 10:30:59 AM","False","False","False","False","TABLE","False","False","SCHEMA_AND_DATA"
"SKU_Vendor","814","1","NONE","1/1/2025 1:31:44 AM","False","False","False","False","TABLE","False","False","SCHEMA_AND_DATA"
"STAMPTRX","6017","1","NONE","5/17/2018 9:35:17 AM","False","False","False","False","TABLE","False","False","SCHEMA_AND_DATA"
"STAMPTRX_New","0","1","NONE","5/31/2018 5:28:12 PM","False","False","False","False","TABLE","False","False","SCHEMA_AND_DATA"
"STAMPTRX_New_BK_Bf01092022_HangViet220825","3446","0","NONE","8/31/2022 7:44:30 PM","False","False","False","False","TABLE","False","False","SCHEMA_AND_DATA"
"STAMPTRX_New_BK_Bf011121","81760","0","NONE","11/1/2021 10:59:28 AM","False","False","False","False","TABLE","False","False","SCHEMA_AND_DATA"
"STAMPTRX_New_BK_Bf082020","879833","0","NONE","8/14/2020 2:10:00 PM","False","False","False","False","TABLE","False","False","SCHEMA_AND_DATA"
"STAMPTRX_New_BK_Bf130421","870776","0","NONE","4/13/2021 9:46:22 AM","False","False","False","False","TABLE","False","False","SCHEMA_AND_DATA"
"STAMPTRX_New_BK_Bf131120","152516","0","NONE","11/13/2020 1:56:15 PM","False","False","False","False","TABLE","False","False","SCHEMA_AND_DATA"
"STAMPTRX_New_BK_Bf150622","4127","0","NONE","6/15/2022 10:21:39 AM","False","False","False","False","TABLE","False","False","SCHEMA_AND_DATA"
"STAMPTRX_New_BK_Bf220927","1221","0","NONE","9/27/2022 1:54:20 PM","False","False","False","False","TABLE","False","False","SCHEMA_AND_DATA"
"STAMPTRX_New_BK_Bf221221_SongXanh","128219","0","NONE","12/22/2021 2:53:20 PM","False","False","False","False","TABLE","False","False","SCHEMA_AND_DATA"
"STAMPTRX_New_BK_Bf230228","0","0","NONE","2/28/2023 9:54:36 AM","False","False","False","False","TABLE","False","False","SCHEMA_AND_DATA"
"STAMPTRX_New_BK_Bf260422_tichsao","64275","0","NONE","4/26/2022 9:45:37 AM","False","False","False","False","TABLE","False","False","SCHEMA_AND_DATA"
"STAMPTRX_New_BK_SanSao_230822","0","0","NONE","8/22/2023 10:33:32 AM","False","False","False","False","TABLE","False","False","SCHEMA_AND_DATA"
"STAMPTRX_New_BK_VN052019","947248","0","NONE","11/25/2019 10:39:28 AM","False","False","False","False","TABLE","False","False","SCHEMA_AND_DATA"
"STAMPTRX_New_CFMTay_210319","52","0","NONE","3/21/2019 2:01:58 PM","False","False","False","False","TABLE","False","False","SCHEMA_AND_DATA"
"STAMPTRX_New_Nam2018","804317","0","NONE","3/21/2019 9:53:08 AM","False","False","False","False","TABLE","False","False","SCHEMA_AND_DATA"
"STAMPTRX_New_NoStoreID_170918","1369","0","NONE","9/17/2018 9:38:28 AM","False","False","False","False","TABLE","False","False","SCHEMA_AND_DATA"
"Sync","91120","1","NONE","12/22/2015 11:01:56 AM","False","False","False","False","TABLE","False","False","SCHEMA_AND_DATA"
"Sync_2023","83390","0","NONE","1/1/2024 1:25:09 AM","False","False","False","False","TABLE","False","False","SCHEMA_AND_DATA"
"Sync_2024","68156","0","NONE","1/1/2025 1:11:51 AM","False","False","False","False","TABLE","False","False","SCHEMA_AND_DATA"
"temptdate","0","0","NONE","12/11/2024 12:18:10 PM","False","False","False","False","TABLE","False","False","SCHEMA_AND_DATA"
"The","3260628","1","NONE","1/1/2025 1:35:42 AM","False","False","False","False","TABLE","False","False","SCHEMA_AND_DATA"
"The","3260628","2","NONE","1/1/2025 1:35:42 AM","False","False","False","False","TABLE","False","False","SCHEMA_AND_DATA"
"The","3260628","3","NONE","1/1/2025 1:35:42 AM","False","False","False","False","TABLE","False","False","SCHEMA_AND_DATA"
"TheDongThuongHieu","0","1","NONE","12/22/2015 11:01:59 AM","False","False","False","False","TABLE","False","False","SCHEMA_AND_DATA"
"TheKhongNhanQuangCao","0","1","NONE","12/22/2015 11:01:58 AM","False","False","False","False","TABLE","False","False","SCHEMA_AND_DATA"
"TichLuy","3260628","1","NONE","1/1/2025 1:15:10 AM","False","False","False","False","TABLE","False","False","SCHEMA_AND_DATA"
"TichLuy","3260628","2","NONE","1/1/2025 1:15:10 AM","False","False","False","False","TABLE","False","False","SCHEMA_AND_DATA"
"TichLuyTrongNgay","3260628","1","NONE","12/22/2015 11:01:56 AM","False","False","False","False","TABLE","False","False","SCHEMA_AND_DATA"
"TichLuyTrongNgay","3260628","2","NONE","12/22/2015 11:01:56 AM","False","False","False","False","TABLE","False","False","SCHEMA_AND_DATA"
"TinhTP","35","1","NONE","1/1/2025 1:31:44 AM","False","False","False","False","TABLE","False","False","SCHEMA_AND_DATA"
"TNDSERV","0","1","NONE","4/2/2019 2:25:52 PM","False","False","False","False","TABLE","False","False","SCHEMA_AND_DATA"
"TNDSERV0","2","1","NONE","10/18/2023 9:57:02 AM","False","False","False","False","TABLE","False","False","SCHEMA_AND_DATA"
"TNDSERV1","0","1","NONE","4/1/2019 2:39:00 PM","False","False","False","False","TABLE","False","False","SCHEMA_AND_DATA"
"TNDSERV10","131578","1","NONE","4/1/2019 2:39:00 PM","False","False","False","False","TABLE","False","False","SCHEMA_AND_DATA"
"TNDSERV11","76829","1","NONE","4/1/2019 2:39:00 PM","False","False","False","False","TABLE","False","False","SCHEMA_AND_DATA"
"TNDSERV12","99628","1","NONE","4/1/2019 2:39:00 PM","False","False","False","False","TABLE","False","False","SCHEMA_AND_DATA"
"TNDSERV13","52096","1","NONE","4/1/2019 2:39:00 PM","False","False","False","False","TABLE","False","False","SCHEMA_AND_DATA"
"TNDSERV14","99230","1","NONE","4/1/2019 2:39:00 PM","False","False","False","False","TABLE","False","False","SCHEMA_AND_DATA"
"TNDSERV15","279519","1","NONE","4/1/2019 2:39:00 PM","False","False","False","False","TABLE","False","False","SCHEMA_AND_DATA"
"TNDSERV16","106380","1","NONE","4/1/2019 2:39:00 PM","False","False","False","False","TABLE","False","False","SCHEMA_AND_DATA"
"TNDSERV17","100675","1","NONE","4/1/2019 2:39:00 PM","False","False","False","False","TABLE","False","False","SCHEMA_AND_DATA"
"TNDSERV18","0","1","NONE","4/1/2019 2:39:00 PM","False","False","False","False","TABLE","False","False","SCHEMA_AND_DATA"
"TNDSERV19","0","1","NONE","4/1/2019 2:39:00 PM","False","False","False","False","TABLE","False","False","SCHEMA_AND_DATA"
"TNDSERV2","0","1","NONE","4/1/2019 2:39:00 PM","False","False","False","False","TABLE","False","False","SCHEMA_AND_DATA"
"TNDSERV20","0","1","NONE","4/1/2019 2:39:00 PM","False","False","False","False","TABLE","False","False","SCHEMA_AND_DATA"
"TNDSERV21","0","1","NONE","4/1/2019 2:39:00 PM","False","False","False","False","TABLE","False","False","SCHEMA_AND_DATA"
"TNDSERV22","0","1","NONE","4/1/2019 2:39:00 PM","False","False","False","False","TABLE","False","False","SCHEMA_AND_DATA"
"TNDSERV23","0","1","NONE","4/1/2019 2:39:00 PM","False","False","False","False","TABLE","False","False","SCHEMA_AND_DATA"
"TNDSERV24","0","1","NONE","4/1/2019 2:39:00 PM","False","False","False","False","TABLE","False","False","SCHEMA_AND_DATA"
"TNDSERV25","0","1","NONE","4/1/2019 2:39:00 PM","False","False","False","False","TABLE","False","False","SCHEMA_AND_DATA"
"TNDSERV26","0","1","NONE","4/1/2019 2:39:00 PM","False","False","False","False","TABLE","False","False","SCHEMA_AND_DATA"
"TNDSERV27","0","1","NONE","4/1/2019 2:39:00 PM","False","False","False","False","TABLE","False","False","SCHEMA_AND_DATA"
"TNDSERV28","0","1","NONE","4/1/2019 2:39:00 PM","False","False","False","False","TABLE","False","False","SCHEMA_AND_DATA"
"TNDSERV29","0","1","NONE","4/1/2019 2:39:00 PM","False","False","False","False","TABLE","False","False","SCHEMA_AND_DATA"
"TNDSERV3","0","1","NONE","4/1/2019 2:39:00 PM","False","False","False","False","TABLE","False","False","SCHEMA_AND_DATA"
"TNDSERV30","0","1","NONE","4/1/2019 2:39:00 PM","False","False","False","False","TABLE","False","False","SCHEMA_AND_DATA"
"TNDSERV4","0","1","NONE","4/1/2019 2:39:00 PM","False","False","False","False","TABLE","False","False","SCHEMA_AND_DATA"
"TNDSERV5","0","1","NONE","4/1/2019 2:39:00 PM","False","False","False","False","TABLE","False","False","SCHEMA_AND_DATA"
"TNDSERV6","0","1","NONE","4/1/2019 2:39:00 PM","False","False","False","False","TABLE","False","False","SCHEMA_AND_DATA"
"TNDSERV7","0","1","NONE","4/1/2019 2:39:00 PM","False","False","False","False","TABLE","False","False","SCHEMA_AND_DATA"
"TNDSERV8","0","1","NONE","4/1/2019 2:39:00 PM","False","False","False","False","TABLE","False","False","SCHEMA_AND_DATA"
"TNDSERV9","0","1","NONE","4/1/2019 2:39:00 PM","False","False","False","False","TABLE","False","False","SCHEMA_AND_DATA"
"TonKhoQua","0","1","NONE","3/25/2017 12:39:14 PM","False","False","False","False","TABLE","False","False","SCHEMA_AND_DATA"
"TrangThai","0","1","NONE","12/22/2015 11:08:20 AM","False","False","False","False","TABLE","False","False","SCHEMA_AND_DATA"
"TrangThai","0","2","NONE","12/22/2015 11:08:20 AM","False","False","False","False","TABLE","False","False","SCHEMA_AND_DATA"
"TransferSync","2","1","NONE","12/22/2015 11:01:59 AM","False","False","False","False","TABLE","False","False","SCHEMA_AND_DATA"
"UpdateList","38","1","NONE","1/1/2025 1:31:44 AM","False","False","False","False","TABLE","False","False","SCHEMA_AND_DATA"
"Version","10","1","NONE","1/1/2025 1:31:44 AM","False","False","False","False","TABLE","False","False","SCHEMA_AND_DATA"
"Xtra","46","0","NONE","1/25/2016 11:06:34 AM","False","False","False","False","TABLE","False","False","SCHEMA_AND_DATA"
