"index_advantage","last_user_seek","Database.Schema.Table","missing_indexes_for_table","similar_missing_indexes_for_table","equality_columns","inequality_columns","included_columns","unique_compiles","user_seeks","avg_total_user_cost","avg_user_impact"
"4080421.75","2025-12-11 15:16:15","[KHTT_ST].[dbo].[CTNhanThuong]","3","2","[MaThe13]","","","22","150382","27.23","99.65"
"556557.77","2025-12-11 15:16:14","[KHTT_ST].[dbo].[CTPhatSinh]","8","1","","[NgayNhap]","[MaThe13], [MaHD], [SoHD], [MaST], [NgayHD], [MaQuay]","180","9390","60.60","97.81"
"414395.12","2025-12-11 15:16:14","[KHTT_ST].[dbo].[CTPhatSinh]","8","2","[SoHD], [MaST], [MaQuay]","[NgayHD], [NgayNhap]","[MaThe13], [MaHD]","132","6886","60.22","99.93"
"15456.70","2025-12-11 15:07:28","[KHTT_ST].[dbo].[CTNhanThuong]","3","1","[MaThe13], [MaHH]","[NgayNhan]","[SoDiemTru]","382","565","27.38","99.91"
"15433.50","2025-12-11 15:07:28","[KHTT_ST].[dbo].[CTNhanThuong]","3","2","[MaThe13]","[NgayNhan]","","382","565","27.38","99.76"
"10551.76","2025-10-29 11:11:14","[KHTT_ST].[dbo].[CTPhatSinh07]","1","1","[SoHD], [MaST], [MaQuay]","[NgayHD], [TongTienHD]","[ID], [IDBiButToan]","198","434","52.95","45.92"
"9453.60","2025-10-29 11:03:01","[KHTT_ST].[dbo].[CTPhatSinh08]","1","1","[SoHD], [MaST], [MaQuay]","[NgayHD], [TongTienHD]","[ID], [IDBiButToan]","209","382","53.53","46.23"
"9310.26","2025-12-05 14:10:11","[KHTT_ST].[dbo].[CTPhatSinh09]","1","1","[SoHD], [MaST], [MaQuay]","[NgayHD], [TongTienHD]","[ID], [IDBiButToan]","189","388","58.61","40.94"
"8871.10","2025-07-25 13:54:51","[KHTT_ST].[dbo].[CTPhatSinh05]","1","1","[SoHD], [MaST], [MaQuay]","[NgayHD], [TongTienHD]","[ID], [IDBiButToan]","201","386","47.53","48.35"
"8782.00","2025-12-11 15:15:56","[msdb].[dbo].[sysjobhistory]","2","1","[step_id], [run_status]","","[instance_id], [run_date], [run_time]","8731","112834","0.08","95.26"
"8608.93","2025-12-05 16:30:34","[KHTT_ST].[dbo].[CTPhatSinh10]","1","1","[SoHD], [MaST], [MaQuay]","[NgayHD], [TongTienHD]","[ID], [IDBiButToan]","141","350","53.40","46.06"
"7423.22","2025-07-08 16:16:57","[KHTT_ST].[dbo].[CTPhatSinh04]","1","1","[SoHD], [MaST], [MaQuay]","[NgayHD], [TongTienHD]","[ID], [IDBiButToan]","157","337","44.32","49.7"
"7347.01","2025-05-08 16:27:07","[KHTT_ST].[dbo].[CTPhatSinh03]","1","1","[SoHD], [MaST], [MaQuay]","[NgayHD], [TongTienHD]","[ID], [IDBiButToan]","152","323","49.61","45.85"
"7206.97","2025-12-09 11:19:42","[KHTT_ST24].[dbo].[CTNhanThuong]","1","1","[MaThe13]","","","71","133","54.27","99.84"
"6931.56","2025-09-11 15:40:56","[KHTT_ST].[dbo].[CTPhatSinh06]","1","1","[SoHD], [MaST], [MaQuay]","[NgayHD], [TongTienHD]","[ID], [IDBiButToan]","130","305","50.55","44.96"
"5773.30","2025-04-21 16:06:55","[KHTT_ST].[dbo].[CTPhatSinh02]","1","1","[SoHD], [MaST], [MaQuay]","[NgayHD], [TongTienHD]","[ID], [IDBiButToan]","181","322","35.98","49.83"
"5139.29","2025-06-24 16:34:55","[KHTT_ST].[dbo].[History_INVTSERV05]","1","1","[TX_NO], [DATE]","","[TIME], [CUSTNUM], [REGISTER], [TYPE], [SKU_REF], [SELL_UNIT], [VALUE], [QUAN], [SKU], [DEPARTMENT], [SUB_DEPT], [CLASSNUM], [SUB_CLASS], [VENDOR], [TILLID], [SEQNUM], [STORE], [TXDATE]","21","22","234.24","99.73"
"3518.50","2025-11-10 15:02:11","[KHTT_ST_TEST].[dbo].[CTPhatSinh]","4","1","[MaThe13], [SoHD]","","[ID], [MaHD], [MaDotKhuyenMai], [MaST], [NgayHD], [MaQuay], [TongTienHD], [DiemTichLuy], [DiemMuaHang], [DiemThuongTheoHD], [DiemThuongKhongTheoHD], [DoiCapDo], [DichVu], [LyDo], [MaLyDo], [MaNVNhap], [NgayNhap], [DaVanChuyen], [NVCash], [IDBiButToan], [NgayVanChuyen]","8","16","219.95","99.98"
"2719.92","2025-11-18 09:17:03","[KHTT_ST].[dbo].[History_INVTSERV11]","1","1","[TX_NO], [DATE]","","[TIME], [CUSTNUM], [REGISTER], [TYPE], [SKU_REF], [SELL_UNIT], [VALUE], [QUAN], [SKU], [DEPARTMENT], [SUB_DEPT], [CLASSNUM], [SUB_CLASS], [VENDOR], [TILLID], [SEQNUM], [STORE], [TXDATE]","10","10","272.73","99.73"
"2345.12","2025-07-24 15:01:36","[KHTT_ST_TEST].[dbo].[TNDSERV16]","22","2","[TYPE], [TENDER_CODE]","[CUSTNUM]","[TX_NO], [DATE], [TIME], [REGISTER], [TILLID], [AMOUNT], [SEQNUM], [CHANGEFLAG], [TRAN_REF], [BANKCODE], [STORE], [DALAY_DT], [NGAYLAY], [TXDATE]","5","9","504.30","51.67"
"2054.53","2025-11-22 08:14:20","[SGCReport].[dbo].[LichSuCapTheTT]","3","1","[MaThe13], [MaCapDo]","[Loai]","","49","57","36.05","99.98"
"2052.89","2025-11-22 08:14:20","[SGCReport].[dbo].[LichSuCapTheTT]","3","2","[MaThe13]","[Loai]","","49","57","36.05","99.9"
"1966.95","2025-11-10 14:07:14","[KHTT_ST_TEST].[dbo].[TNDSERV16]","22","9","[TENDER_CODE]","","[TX_NO], [DATE], [TIME], [CUSTNUM], [REGISTER], [TILLID], [TYPE], [AMOUNT], [SEQNUM], [CHANGEFLAG], [TRAN_REF], [BANKCODE], [STORE], [DALAY_DT], [NGAYLAY], [TXDATE]","11","12","214.32","76.48"
"1815.12","2025-11-05 09:11:40","[KHTT_ST_TEST].[dbo].[TNDSERV16]","22","2","[TYPE], [TENDER_CODE]","","[TX_NO], [DATE], [TIME], [CUSTNUM], [REGISTER], [TILLID], [AMOUNT], [SEQNUM], [CHANGEFLAG], [TRAN_REF], [BANKCODE], [STORE], [DALAY_DT], [NGAYLAY], [TXDATE]","6","7","605.42","42.83"
"1606.02","2025-11-22 08:14:42","[SGCReport].[dbo].[LichSuCapTheTT]","3","2","[MaThe13]","","","35","44","36.75","99.31"
"1468.78","2025-11-10 15:01:29","[KHTT_ST_TEST].[dbo].[CTPhatSinh]","4","1","","[NgayNhap]","[MaThe13], [MaHD], [SoHD], [MaST], [NgayHD], [MaQuay]","2","7","384.51","54.57"
"1432.53","2025-07-24 14:08:20","[KHTT_ST_TEST].[dbo].[TNDSERV10]","5","2","[TYPE], [TENDER_CODE]","","[TX_NO], [DATE], [TIME], [CUSTNUM], [REGISTER], [TILLID], [AMOUNT], [SEQNUM], [CHANGEFLAG], [TRAN_REF], [BANKCODE], [STORE], [DALAY_DT], [NGAYLAY], [TXDATE]","6","6","684.11","34.9"
"1371.78","2025-07-24 14:47:31","[KHTT_ST_TEST].[dbo].[History_INVTSERV06]","4","2","[TX_NO], [DATE], [CUSTNUM], [REGISTER], [TILLID]","","[TIME], [TYPE], [SKU_REF], [SELL_UNIT], [VALUE], [QUAN], [SKU], [DEPARTMENT], [SUB_DEPT], [CLASSNUM], [SUB_CLASS], [VENDOR], [SEQNUM], [DALAY_DMH], [DALAY_DT], [STORE], [NGAYLAY]","4","6","228.68","99.98"
"1318.46","2025-11-10 14:45:21","[KHTT_ST_TEST].[dbo].[CTPhatSinh]","4","2","[MaThe13]","","[ID]","4","6","219.81","99.97"
"1315.44","2025-04-18 08:36:44","[KHTT_ST].[dbo].[CTPhatSinh01]","1","1","[SoHD], [MaST], [MaQuay]","[NgayHD], [TongTienHD]","[ID], [IDBiButToan]","46","64","37.90","54.23"
"1098.68","2025-11-10 14:47:12","[KHTT_ST_TEST].[dbo].[CTPhatSinh]","4","2","[MaThe13]","","[ID], [MaHD], [SoHD], [MaDotKhuyenMai], [MaST], [NgayHD], [MaQuay], [TongTienHD], [DiemTichLuy], [DiemMuaHang], [DiemThuongTheoHD], [DiemThuongKhongTheoHD], [DoiCapDo], [DichVu], [LyDo], [MaLyDo], [MaNVNhap], [NgayNhap], [DaVanChuyen], [NVCash], [IDBiButToan], [NgayVanChuyen]","2","5","219.78","99.98"
"1057.24","2025-11-10 15:01:29","[KHTT_ST_TEST].[dbo].[TNDSERV16]","22","1","[DATE], [REGISTER], [STORE]","[DALAY_DT]","[TX_NO], [TIME], [CUSTNUM], [TILLID], [TYPE], [TENDER_CODE], [AMOUNT], [SEQNUM], [CHANGEFLAG], [TRAN_REF], [BANKCODE], [NGAYLAY], [TXDATE]","2","7","384.51","39.28"
"1016.90","2025-07-24 14:21:48","[KHTT_ST_TEST].[dbo].[TNDSERV10]","5","2","[TYPE], [TENDER_CODE]","[CUSTNUM]","[TX_NO], [DATE], [TIME], [REGISTER], [TILLID], [AMOUNT], [SEQNUM], [CHANGEFLAG], [TRAN_REF], [BANKCODE], [STORE], [DALAY_DT], [NGAYLAY], [TXDATE]","4","5","791.36","25.7"
"1011.65","2025-11-10 14:35:59","[KHTT_ST_TEST].[dbo].[TNDSERV16]","22","9","[TENDER_CODE]","","[DATE], [TIME], [CUSTNUM], [REGISTER], [TILLID], [STORE]","5","7","172.75","83.66"
"892.80","2025-12-11 15:07:42","[KHTT_ST].[dbo].[CTPhatSinh]","8","1","[MaThe13]","","","27","30","29.81","99.83"
"861.82","2025-07-25 09:45:07","[KHTT_ST_TEST].[dbo].[TNDSERV16]","22","9","[TENDER_CODE]","[CUSTNUM]","[TX_NO], [DATE], [TIME], [REGISTER], [TILLID], [TYPE], [AMOUNT], [SEQNUM], [CHANGEFLAG], [TRAN_REF], [BANKCODE], [STORE], [DALAY_DT], [NGAYLAY], [TXDATE]","4","7","147.32","83.57"
"790.64","2025-12-11 15:15:52","[KHTT_ST].[dbo].[INVTSERV10]","3","2","[DALAY_DMH]","","[TX_NO], [DATE], [TIME], [CUSTNUM], [REGISTER], [TYPE], [SKU_REF], [SELL_UNIT], [VALUE], [QUAN], [SKU], [DEPARTMENT], [SUB_DEPT], [CLASSNUM], [SUB_CLASS], [VENDOR], [TILLID], [SEQNUM], [DALAY_DT], [STORE], [TXDATE]","6","312","4.75","53.37"
"786.91","2025-12-11 15:15:52","[KHTT_ST].[dbo].[INVTSERV10]","3","1","[DALAY_DT]","","[TX_NO], [DATE], [TIME], [CUSTNUM], [REGISTER], [TYPE], [SKU_REF], [SELL_UNIT], [VALUE], [QUAN], [SKU], [DEPARTMENT], [SUB_DEPT], [CLASSNUM], [SUB_CLASS], [VENDOR], [TILLID], [SEQNUM], [DALAY_DMH], [STORE], [TXDATE]","14","313","3.95","63.67"
"753.56","2025-12-11 15:16:10","[msdb].[dbo].[backupset]","6","2","","[type]","[backup_finish_date], [database_name]","53","100","7.85","95.96"
"686.55","2025-07-24 14:51:34","[KHTT_ST_TEST].[dbo].[History_INVTSERV06]","4","1","[TX_NO], [DATE], [CUSTNUM], [REGISTER], [TILLID], [NGAYLAY]","","[TIME], [TYPE], [SKU_REF], [SELL_UNIT], [VALUE], [QUAN], [SKU], [DEPARTMENT], [SUB_DEPT], [CLASSNUM], [SUB_CLASS], [VENDOR], [SEQNUM], [DALAY_DMH], [DALAY_DT], [STORE]","3","3","228.90","99.98"
"578.15","2025-11-10 15:01:29","[KHTT_ST_TEST].[dbo].[TNDSERV16]","22","1","","[DALAY_DT]","[TX_NO], [DATE], [TIME], [CUSTNUM], [REGISTER], [TILLID], [TYPE], [TENDER_CODE], [AMOUNT], [SEQNUM], [CHANGEFLAG], [TRAN_REF], [BANKCODE], [STORE], [NGAYLAY], [TXDATE]","2","7","384.51","21.48"
"573.05","2025-12-11 15:15:57","[KHTT_ST].[dbo].[INVTSERV12]","3","1","[DALAY_DT]","","[TX_NO], [DATE], [TIME], [CUSTNUM], [REGISTER], [TYPE], [SKU_REF], [SELL_UNIT], [VALUE], [QUAN], [SKU], [DEPARTMENT], [SUB_DEPT], [CLASSNUM], [SUB_CLASS], [VENDOR], [TILLID], [SEQNUM], [DALAY_DMH], [STORE], [TXDATE]","15","313","2.99","61.27"
"570.46","2025-12-11 15:15:52","[KHTT_ST].[dbo].[INVTSERV12]","3","2","[DALAY_DMH]","","[TX_NO], [DATE], [TIME], [CUSTNUM], [REGISTER], [TYPE], [SKU_REF], [SELL_UNIT], [VALUE], [QUAN], [SKU], [DEPARTMENT], [SUB_DEPT], [CLASSNUM], [SUB_CLASS], [VENDOR], [TILLID], [SEQNUM], [DALAY_DT], [STORE], [TXDATE]","6","312","3.66","49.89"
"563.59","2025-12-11 15:15:52","[KHTT_ST].[dbo].[INVTSERV14]","3","2","[DALAY_DMH]","","[TX_NO], [DATE], [TIME], [CUSTNUM], [REGISTER], [TYPE], [SKU_REF], [SELL_UNIT], [VALUE], [QUAN], [SKU], [DEPARTMENT], [SUB_DEPT], [CLASSNUM], [SUB_CLASS], [VENDOR], [TILLID], [SEQNUM], [DALAY_DT], [STORE], [TXDATE]","5","312","3.74","48.27"
"561.38","2025-12-11 15:16:01","[KHTT_ST].[dbo].[INVTSERV14]","3","1","[DALAY_DT]","","[TX_NO], [DATE], [TIME], [CUSTNUM], [REGISTER], [TYPE], [SKU_REF], [SELL_UNIT], [VALUE], [QUAN], [SKU], [DEPARTMENT], [SUB_DEPT], [CLASSNUM], [SUB_CLASS], [VENDOR], [TILLID], [SEQNUM], [DALAY_DMH], [STORE], [TXDATE]","13","313","2.80","64.07"
"555.20","2025-11-05 09:21:08","[KHTT_ST_TEST].[dbo].[TNDSERV16]","22","9","[TENDER_CODE]","","[TX_NO], [DATE], [CUSTNUM], [REGISTER], [TILLID]","4","4","147.39","94.17"
"520.48","2025-07-24 14:21:48","[KHTT_ST_TEST].[dbo].[TNDSERV15]","5","2","[TYPE], [TENDER_CODE]","[CUSTNUM]","[TX_NO], [DATE], [TIME], [REGISTER], [TILLID], [AMOUNT], [SEQNUM], [CHANGEFLAG], [TRAN_REF], [BANKCODE], [STORE], [DALAY_DT], [NGAYLAY], [TXDATE]","3","4","950.47","13.69"
"519.04","2025-07-25 09:29:26","[KHTT_ST_TEST].[dbo].[TNDSERV16]","22","2","[BANKCODE]","","[TX_NO], [DATE], [TIME], [CUSTNUM], [REGISTER], [TILLID], [TYPE], [TENDER_CODE], [AMOUNT], [SEQNUM], [CHANGEFLAG], [TRAN_REF], [STORE], [DALAY_DT], [NGAYLAY], [TXDATE]","2","2","546.02","47.53"
"518.90","2025-07-24 13:41:22","[KHTT_ST_TEST].[dbo].[TNDSERV15]","5","2","[TYPE], [TENDER_CODE]","","[TX_NO], [DATE], [TIME], [CUSTNUM], [REGISTER], [TILLID], [AMOUNT], [SEQNUM], [CHANGEFLAG], [TRAN_REF], [BANKCODE], [STORE], [DALAY_DT], [NGAYLAY], [TXDATE]","4","4","948.98","13.67"
"507.52","2025-07-24 14:07:34","[KHTT_ST_TEST].[dbo].[TNDSERV10]","5","2","[TENDER_CODE]","","[TX_NO], [DATE], [TIME], [CUSTNUM], [REGISTER], [TILLID], [TYPE], [AMOUNT], [SEQNUM], [CHANGEFLAG], [TRAN_REF], [BANKCODE], [STORE], [DALAY_DT], [NGAYLAY], [TXDATE]","2","2","549.74","46.16"
"488.25","2025-07-25 09:28:53","[KHTT_ST_TEST].[dbo].[TNDSERV16]","22","2","[BANKCODE]","[CUSTNUM]","[TX_NO], [DATE], [TIME], [REGISTER], [TILLID], [TYPE], [TENDER_CODE], [AMOUNT], [SEQNUM], [CHANGEFLAG], [TRAN_REF], [STORE], [DALAY_DT], [NGAYLAY], [TXDATE]","2","4","146.96","83.06"
"444.22","2025-12-11 15:15:52","[KHTT_ST].[dbo].[INVTSERV15]","4","2","[DALAY_DMH]","","[TX_NO], [DATE], [TIME], [CUSTNUM], [REGISTER], [TYPE], [SKU_REF], [SELL_UNIT], [VALUE], [QUAN], [SKU], [DEPARTMENT], [SUB_DEPT], [CLASSNUM], [SUB_CLASS], [VENDOR], [TILLID], [SEQNUM], [DALAY_DT], [STORE], [TXDATE]","7","313","2.42","58.59"
"437.61","2025-12-11 15:16:03","[KHTT_ST].[dbo].[INVTSERV15]","4","1","[DALAY_DT]","","[TX_NO], [DATE], [TIME], [CUSTNUM], [REGISTER], [TYPE], [SKU_REF], [SELL_UNIT], [VALUE], [QUAN], [SKU], [DEPARTMENT], [SUB_DEPT], [CLASSNUM], [SUB_CLASS], [VENDOR], [TILLID], [SEQNUM], [DALAY_DMH], [STORE], [TXDATE]","12","313","2.52","55.58"
"425.81","2025-07-24 14:21:48","[KHTT_ST_TEST].[dbo].[TNDSERV12]","5","2","[TYPE], [TENDER_CODE]","[CUSTNUM]","[TX_NO], [DATE], [TIME], [REGISTER], [TILLID], [AMOUNT], [SEQNUM], [CHANGEFLAG], [TRAN_REF], [BANKCODE], [STORE], [DALAY_DT], [NGAYLAY], [TXDATE]","3","4","950.47","11.2"
"424.38","2025-07-24 13:41:22","[KHTT_ST_TEST].[dbo].[TNDSERV12]","5","2","[TYPE], [TENDER_CODE]","","[TX_NO], [DATE], [TIME], [CUSTNUM], [REGISTER], [TILLID], [AMOUNT], [SEQNUM], [CHANGEFLAG], [TRAN_REF], [BANKCODE], [STORE], [DALAY_DT], [NGAYLAY], [TXDATE]","4","4","948.98","11.18"
"420.88","2025-12-11 15:00:00","[KHTT_ST].[dbo].[CTPhatSinh]","8","2","[DaVanChuyen], [NgayVanChuyen]","","[ID]","4","7","60.52","99.35"
"419.26","2025-12-11 15:00:01","[KHTT_ST].[dbo].[CTPhatSinh]","8","2","[DaVanChuyen], [NgayVanChuyen]","","[ID], [MaThe13], [MaHD], [SoHD], [MaDotKhuyenMai], [MaST], [NgayHD], [MaQuay], [TongTienHD], [DiemTichLuy], [DiemMuaHang], [DiemThuongTheoHD], [DiemThuongKhongTheoHD], [DoiCapDo], [DichVu], [LyDo], [MaLyDo], [MaNVNhap], [NgayNhap], [NVCash], [IDBiButToan]","4","7","60.18","99.53"
"412.01","2025-12-11 15:15:52","[KHTT_ST].[dbo].[INVTSERV16]","4","2","[DALAY_DMH]","","[TX_NO], [DATE], [TIME], [CUSTNUM], [REGISTER], [TYPE], [SKU_REF], [SELL_UNIT], [VALUE], [QUAN], [SKU], [DEPARTMENT], [SUB_DEPT], [CLASSNUM], [SUB_CLASS], [VENDOR], [TILLID], [SEQNUM], [DALAY_DT], [STORE], [TXDATE]","6","313","2.13","61.77"
"406.09","2025-12-11 15:16:06","[KHTT_ST].[dbo].[INVTSERV16]","4","1","[DALAY_DT]","","[TX_NO], [DATE], [TIME], [CUSTNUM], [REGISTER], [TYPE], [SKU_REF], [SELL_UNIT], [VALUE], [QUAN], [SKU], [DEPARTMENT], [SUB_DEPT], [CLASSNUM], [SUB_CLASS], [VENDOR], [TILLID], [SEQNUM], [DALAY_DMH], [STORE], [TXDATE]","13","313","2.45","52.89"
"403.22","2025-12-11 14:49:29","[KHTT_ST].[dbo].[KhachHang]","3","1","[Passport]","[MaThe13]","[MaThe7], [MaNVCap], [MaNVCapNhat], [NgayCapNhat], [HoLot], [Ten], [NgaySinh], [GioiTinh], [CMND], [MaSoThue], [MaQuocGia], [SoNha], [TenDuong], [MaPhuongXa], [MaQuanHuyen], [MaTinhTP], [DTDD], [DTBan], [Email], [LaDoanhNghiep], [MaNgheNghiep], [CoNhanChuyenKhoan], [SoTaiKhoan], [NganHang], [DVThuHuong], [NhanQCQuaEmail], [NhanQCQuaSMS], [NhanToRoiQCQuaDiaChi], [GhiChu], [MaST], [DacCach], [MaLyDoDacCach], [LyDoDacCach], [F1], [F2], [F3], [F4], [F5], [MaThuNhap], [MaLoaiKH], [MaNguonDKyKH], [TTHonNhan], [SoCon], [LaTVHTX], [NgayDangKyThamGiaHTX], [MaHTX], [SoVonGopBanDau]","3","4","105.33","95.7"
"392.71","2025-12-11 15:15:52","[KHTT_ST].[dbo].[INVTSERV11]","4","2","[DALAY_DMH]","","[TX_NO], [DATE], [TIME], [CUSTNUM], [REGISTER], [TYPE], [SKU_REF], [SELL_UNIT], [VALUE], [QUAN], [SKU], [DEPARTMENT], [SUB_DEPT], [CLASSNUM], [SUB_CLASS], [VENDOR], [TILLID], [SEQNUM], [DALAY_DT], [STORE], [TXDATE]","6","312","2.16","58.14"
"392.58","2025-12-11 15:15:55","[KHTT_ST].[dbo].[INVTSERV11]","4","1","[DALAY_DT]","","[TX_NO], [DATE], [TIME], [CUSTNUM], [REGISTER], [TYPE], [SKU_REF], [SELL_UNIT], [VALUE], [QUAN], [SKU], [DEPARTMENT], [SUB_DEPT], [CLASSNUM], [SUB_CLASS], [VENDOR], [TILLID], [SEQNUM], [DALAY_DMH], [STORE], [TXDATE]","11","313","1.97","63.53"
"386.27","2025-07-24 14:21:48","[KHTT_ST_TEST].[dbo].[TNDSERV14]","5","2","[TYPE], [TENDER_CODE]","[CUSTNUM]","[TX_NO], [DATE], [TIME], [REGISTER], [TILLID], [AMOUNT], [SEQNUM], [CHANGEFLAG], [TRAN_REF], [BANKCODE], [STORE], [DALAY_DT], [NGAYLAY], [TXDATE]","3","4","950.47","10.16"
"384.53","2025-07-24 13:41:22","[KHTT_ST_TEST].[dbo].[TNDSERV14]","5","2","[TYPE], [TENDER_CODE]","","[TX_NO], [DATE], [TIME], [CUSTNUM], [REGISTER], [TILLID], [AMOUNT], [SEQNUM], [CHANGEFLAG], [TRAN_REF], [BANKCODE], [STORE], [DALAY_DT], [NGAYLAY], [TXDATE]","4","4","948.98","10.13"
"381.80","2025-12-11 15:00:01","[KHTT_ST].[dbo].[CTPhatSinh_KhuyenMaiPOS]","1","1","[NgayVanChuyen], [DaVanChuyen]","","","44","92","4.16","99.7"
"373.42","2025-07-25 09:54:18","[KHTT_ST_TEST].[dbo].[TNDSERV16]","22","9","[TENDER_CODE]","[CUSTNUM]","[TX_NO], [DATE], [TIME], [REGISTER], [TILLID], [TYPE], [AMOUNT], [SEQNUM], [CHANGEFLAG], [TRAN_REF], [BANKCODE], [STORE], [DALAY_DT], [NGAYLAY]","3","3","147.25","84.53"
"365.45","2025-11-14 14:53:39","[msdb].[dbo].[backupset]","6","1","[type], [database_name]","","[media_set_id], [backup_start_date], [backup_finish_date], [backup_size], [server_name], [machine_name], [recovery_model], [has_backup_checksums], [is_copy_only], [compressed_backup_size], [encryptor_type]","58","58","7.89","79.88"
"340.68","2025-12-11 15:15:52","[KHTT_ST].[dbo].[INVTSERV17]","4","2","[DALAY_DMH]","","[TX_NO], [DATE], [TIME], [CUSTNUM], [REGISTER], [TYPE], [SKU_REF], [SELL_UNIT], [VALUE], [QUAN], [SKU], [DEPARTMENT], [SUB_DEPT], [CLASSNUM], [SUB_CLASS], [VENDOR], [TILLID], [SEQNUM], [DALAY_DT], [STORE], [TXDATE]","6","313","1.80","60.63"
"337.14","2025-12-11 15:16:09","[KHTT_ST].[dbo].[INVTSERV17]","4","1","[DALAY_DT]","","[TX_NO], [DATE], [TIME], [CUSTNUM], [REGISTER], [TYPE], [SKU_REF], [SELL_UNIT], [VALUE], [QUAN], [SKU], [DEPARTMENT], [SUB_DEPT], [CLASSNUM], [SUB_CLASS], [VENDOR], [TILLID], [SEQNUM], [DALAY_DMH], [STORE], [TXDATE]","13","313","2.03","52.95"
"321.68","2025-12-11 15:16:00","[KHTT_ST].[dbo].[INVTSERV13]","3","1","[DALAY_DT]","","[TX_NO], [DATE], [TIME], [CUSTNUM], [REGISTER], [TYPE], [SKU_REF], [SELL_UNIT], [VALUE], [QUAN], [SKU], [DEPARTMENT], [SUB_DEPT], [CLASSNUM], [SUB_CLASS], [VENDOR], [TILLID], [SEQNUM], [DALAY_DMH], [STORE], [TXDATE]","9","313","1.60","64.43"
"321.03","2025-12-11 15:15:52","[KHTT_ST].[dbo].[INVTSERV13]","3","2","[DALAY_DMH]","","[TX_NO], [DATE], [TIME], [CUSTNUM], [REGISTER], [TYPE], [SKU_REF], [SELL_UNIT], [VALUE], [QUAN], [SKU], [DEPARTMENT], [SUB_DEPT], [CLASSNUM], [SUB_CLASS], [VENDOR], [TILLID], [SEQNUM], [DALAY_DT], [STORE], [TXDATE]","6","312","1.72","59.9"
"313.09","2025-05-16 09:13:49","[KHTT_ST].[dbo].[History_INVTSERV04]","1","1","[TX_NO], [DATE]","","[TIME], [CUSTNUM], [REGISTER], [TYPE], [SKU_REF], [SELL_UNIT], [VALUE], [QUAN], [SKU], [DEPARTMENT], [SUB_DEPT], [CLASSNUM], [SUB_CLASS], [VENDOR], [TILLID], [SEQNUM], [STORE], [TXDATE]","1","1","313.91","99.74"
"293.74","2025-11-05 15:15:20","[KHTT_ST_TEST].[dbo].[TNDSERV16]","22","2","[DATE], [CUSTNUM]","","[TX_NO], [TIME], [REGISTER], [TILLID], [TYPE], [TENDER_CODE], [AMOUNT], [SEQNUM], [CHANGEFLAG], [TRAN_REF], [BANKCODE], [STORE], [DALAY_DT], [NGAYLAY], [TXDATE]","1","2","146.89","99.99"
"293.21","2025-11-10 14:00:04","[KHTT_ST_TEST].[dbo].[TNDSERV16]","22","2","[CUSTNUM]","","[TX_NO], [DATE], [TIME], [REGISTER], [TILLID], [TYPE], [TENDER_CODE], [AMOUNT], [SEQNUM], [CHANGEFLAG], [TRAN_REF], [BANKCODE], [STORE], [DALAY_DT], [NGAYLAY], [TXDATE]","2","2","146.62","99.99"
"276.15","2025-07-25 09:57:29","[KHTT_ST_TEST].[dbo].[TNDSERV16]","22","9","[TENDER_CODE]","[CUSTNUM]","[TX_NO], [DATE], [REGISTER], [TILLID], [STORE]","2","2","147.26","93.76"
"247.32","2025-08-12 14:10:25","[KHTT_ST_TEST].[dbo].[TNDSERV16]","22","9","[TENDER_CODE]","","[TX_NO], [DATE], [TIME], [CUSTNUM], [REGISTER], [TILLID], [TYPE], [AMOUNT], [SEQNUM], [CHANGEFLAG], [TRAN_REF], [BANKCODE], [STORE], [NGAYLAY]","2","2","147.42","83.88"
"244.12","2025-07-25 09:28:42","[KHTT_ST24].[dbo].[TNDSERV16]","1","1","[BANKCODE]","[CUSTNUM]","[TX_NO], [DATE], [TIME], [REGISTER], [TILLID], [TYPE], [TENDER_CODE], [AMOUNT], [SEQNUM], [CHANGEFLAG], [TRAN_REF], [STORE], [DALAY_DT], [NGAYLAY], [TXDATE]","2","2","146.96","83.06"
"228.63","2025-07-24 14:28:15","[KHTT_ST_TEST].[dbo].[History_INVTSERV06]","4","2","[TX_NO], [DATE], [CUSTNUM], [REGISTER], [TILLID]","","[TIME], [TYPE], [SKU_REF], [SELL_UNIT], [VALUE], [QUAN], [SKU], [DEPARTMENT], [SUB_DEPT], [CLASSNUM], [SUB_CLASS], [VENDOR], [SEQNUM], [DALAY_DMH], [DALAY_DT], [STORE], [TXDATE], [NGAYLAY], [SERV]","1","1","228.67","99.98"
"228.20","2025-07-24 14:24:31","[KHTT_ST_TEST].[dbo].[History_INVTSERV06]","4","1","[TX_NO], [DATE], [CUSTNUM]","","[TIME], [REGISTER], [TYPE], [SKU_REF], [SELL_UNIT], [VALUE], [QUAN], [SKU], [DEPARTMENT], [SUB_DEPT], [CLASSNUM], [SUB_CLASS], [VENDOR], [TILLID], [SEQNUM], [DALAY_DMH], [DALAY_DT], [STORE], [TXDATE], [NGAYLAY], [SERV]","1","1","228.25","99.98"
"227.04","2025-07-24 15:01:12","[KHTT_ST_TEST].[dbo].[History_INVTSERV09]","2","1","[TX_NO], [DATE], [CUSTNUM], [REGISTER], [TILLID], [NGAYLAY]","","[TIME], [TYPE], [SKU_REF], [SELL_UNIT], [VALUE], [QUAN], [SKU], [DEPARTMENT], [SUB_DEPT], [CLASSNUM], [SUB_CLASS], [VENDOR], [SEQNUM], [DALAY_DMH], [DALAY_DT], [STORE]","1","1","227.08","99.98"
"226.82","2025-07-24 14:59:55","[KHTT_ST_TEST].[dbo].[History_INVTSERV09]","2","1","[TX_NO], [DATE], [CUSTNUM], [REGISTER], [TILLID]","","[TIME], [TYPE], [SKU_REF], [SELL_UNIT], [VALUE], [QUAN], [SKU], [DEPARTMENT], [SUB_DEPT], [CLASSNUM], [SUB_CLASS], [VENDOR], [SEQNUM], [DALAY_DMH], [DALAY_DT], [STORE], [TXDATE], [NGAYLAY], [SERV]","1","1","226.87","99.98"
"222.96","2025-08-26 15:58:59","[KHTT_ST_TEST].[dbo].[KhachHang]","1","1","[MaPhuongXa]","","[MaThe13], [MaThe7], [MaNVCap], [MaNVCapNhat], [NgayCapNhat], [HoLot], [Ten], [NgaySinh], [GioiTinh], [CMND], [MaSoThue], [Passport], [MaQuocGia], [SoNha], [TenDuong], [MaQuanHuyen], [MaTinhTP], [DTDD], [DTBan], [Email], [LaDoanhNghiep], [MaNgheNghiep], [CoNhanChuyenKhoan], [SoTaiKhoan], [NganHang], [DVThuHuong], [NhanQCQuaEmail], [NhanQCQuaSMS], [NhanToRoiQCQuaDiaChi], [GhiChu], [MaST], [DacCach], [MaLyDoDacCach], [LyDoDacCach], [F1], [F2], [F3], [F4], [F5], [MaThuNhap], [MaLoaiKH], [MaNguonDKyKH], [TTHonNhan], [SoCon]","2","2","148.76","74.94"
"221.55","2025-07-24 15:15:12","[KHTT_ST_TEST].[dbo].[History_INVTSERV11]","2","1","[TX_NO], [DATE], [CUSTNUM], [REGISTER], [TILLID], [NGAYLAY]","","[TIME], [TYPE], [SKU_REF], [SELL_UNIT], [VALUE], [QUAN], [SKU], [DEPARTMENT], [SUB_DEPT], [CLASSNUM], [SUB_CLASS], [VENDOR], [SEQNUM], [DALAY_DMH], [DALAY_DT], [STORE]","1","1","221.59","99.98"
"221.33","2025-07-24 15:02:27","[KHTT_ST_TEST].[dbo].[History_INVTSERV11]","2","1","[TX_NO], [DATE], [CUSTNUM], [REGISTER], [TILLID]","","[TIME], [TYPE], [SKU_REF], [SELL_UNIT], [VALUE], [QUAN], [SKU], [DEPARTMENT], [SUB_DEPT], [CLASSNUM], [SUB_CLASS], [VENDOR], [SEQNUM], [DALAY_DMH], [DALAY_DT], [STORE], [TXDATE], [NGAYLAY], [SERV]","1","1","221.38","99.98"
"209.53","2025-12-11 03:50:37","[KHTT_ST].[dbo].[KhachHang]","3","1","[MaTinhTP]","","[MaThe13], [MaThe7]","2","2","105.07","99.71"
"196.44","2025-07-24 14:51:54","[KHTT_ST_TEST].[dbo].[History_INVTSERV12]","2","1","[TX_NO], [DATE], [CUSTNUM], [REGISTER], [TILLID], [NGAYLAY]","","[TIME], [TYPE], [SKU_REF], [SELL_UNIT], [VALUE], [QUAN], [SKU], [DEPARTMENT], [SUB_DEPT], [CLASSNUM], [SUB_CLASS], [VENDOR], [SEQNUM], [DALAY_DMH], [DALAY_DT], [STORE]","1","1","196.47","99.98"
"196.24","2025-07-24 14:48:18","[KHTT_ST_TEST].[dbo].[History_INVTSERV12]","2","1","[TX_NO], [DATE], [CUSTNUM], [REGISTER], [TILLID]","","[TIME], [TYPE], [SKU_REF], [SELL_UNIT], [VALUE], [QUAN], [SKU], [DEPARTMENT], [SUB_DEPT], [CLASSNUM], [SUB_CLASS], [VENDOR], [SEQNUM], [DALAY_DMH], [DALAY_DT], [STORE], [TXDATE], [NGAYLAY], [SERV]","1","1","196.28","99.98"
"156.58","2025-07-24 14:02:34","[KHTT_ST_TEST].[dbo].[TNDSERV15]","5","2","[TENDER_CODE]","","","1","1","944.96","16.57"
"150.75","2025-11-10 10:36:43","[KHTT_ST_TEST].[dbo].[TNDSERV16]","22","1","[DATE], [TIME], [CUSTNUM], [REGISTER], [TILLID], [STORE]","","[TX_NO], [TYPE], [TENDER_CODE], [AMOUNT], [SEQNUM], [CHANGEFLAG], [TRAN_REF], [BANKCODE], [DALAY_DT], [NGAYLAY], [TXDATE]","1","1","154.50","97.57"
"150.25","2025-07-24 14:02:34","[KHTT_ST_TEST].[dbo].[TNDSERV10]","5","2","[TENDER_CODE]","","","1","1","944.96","15.9"
"146.99","2025-11-05 15:11:58","[KHTT_ST_TEST].[dbo].[TNDSERV16]","22","1","[DATE], [TIME], [CUSTNUM]","","[AMOUNT]","1","1","147.02","99.98"
"146.79","2025-11-10 14:46:47","[KHTT_ST_TEST].[dbo].[TNDSERV16]","22","1","[CUSTNUM], [TENDER_CODE]","","[DATE], [TIME], [REGISTER], [TILLID], [STORE]","1","1","154.42","95.06"
"146.79","2025-11-05 15:11:54","[KHTT_ST_TEST].[dbo].[TNDSERV16]","22","2","[DATE], [CUSTNUM]","","[AMOUNT]","1","1","146.82","99.98"
"146.52","2025-11-05 15:11:49","[KHTT_ST_TEST].[dbo].[TNDSERV16]","22","2","[CUSTNUM]","","[AMOUNT]","1","1","146.55","99.98"
"143.82","2025-07-24 14:02:34","[KHTT_ST_TEST].[dbo].[TNDSERV16]","22","9","[TENDER_CODE]","","","1","1","944.96","15.22"
"135.10","2025-11-10 10:39:02","[KHTT_ST_TEST].[dbo].[TNDSERV16]","22","9","[TENDER_CODE]","","[TX_NO], [DATE], [TIME], [CUSTNUM], [REGISTER], [TILLID], [SEQNUM], [STORE]","1","1","296.87","45.51"
"129.05","2025-07-24 13:36:07","[KHTT_ST_TEST].[dbo].[TNDSERV15]","5","2","[TENDER_CODE]","","[TX_NO], [DATE], [TIME], [CUSTNUM], [REGISTER], [TILLID], [TYPE], [AMOUNT], [SEQNUM], [CHANGEFLAG], [TRAN_REF], [BANKCODE], [STORE], [DALAY_DT], [NGAYLAY], [TXDATE]","1","1","945.42","13.65"
"128.86","2025-07-25 09:29:26","[KHTT_ST_TEST].[dbo].[TNDSERV15]","5","1","[BANKCODE]","","[TX_NO], [DATE], [TIME], [CUSTNUM], [REGISTER], [TILLID], [TYPE], [TENDER_CODE], [AMOUNT], [SEQNUM], [CHANGEFLAG], [TRAN_REF], [STORE], [DALAY_DT], [NGAYLAY], [TXDATE]","1","1","945.42","13.63"
"125.68","2025-07-24 14:02:34","[KHTT_ST_TEST].[dbo].[TNDSERV12]","5","2","[TENDER_CODE]","","","1","1","944.96","13.3"
"123.28","2025-07-25 09:29:26","[KHTT_ST_TEST].[dbo].[TNDSERV10]","5","1","[BANKCODE]","","[TX_NO], [DATE], [TIME], [CUSTNUM], [REGISTER], [TILLID], [TYPE], [TENDER_CODE], [AMOUNT], [SEQNUM], [CHANGEFLAG], [TRAN_REF], [STORE], [DALAY_DT], [NGAYLAY], [TXDATE]","1","1","945.42","13.04"
"121.05","2025-07-24 14:02:34","[KHTT_ST_TEST].[dbo].[TNDSERV14]","5","2","[TENDER_CODE]","","","1","1","944.96","12.81"
"119.77","2025-12-08 10:32:11","[KHTT_ST].[dbo].[CTQuyenNhanVien]","2","1","[MaQuyen], [TenControl]","","[MaNV], [Enable], [Visible], [TenHienThi]","72","178","0.84","80.42"
"115.76","2025-12-08 10:32:11","[KHTT_ST].[dbo].[CTQuyenNhanVien]","2","1","[TenControl]","","[MaNV], [MaQuyen], [Enable], [Visible], [TenHienThi]","72","178","0.84","77.73"
"113.99","2025-08-20 09:55:00","[SGCReport].[dbo].[MonthlySelling_Report072025]","3","2","[STPS]","","[MaThe13], [TongTienHD], [DiemMuaHang], [DiemThuongTheoHD], [DiemThuongKhongTheoHD], [MaCapDo], [STDK]","1","2","57.11","99.8"
"107.64","2025-04-14 11:01:20","[SGCReport].[dbo].[MonthlySelling_Report032025]","3","3","[STPS]","","[MaThe13], [TongTienHD], [DiemMuaHang], [DiemThuongTheoHD], [DiemThuongKhongTheoHD], [MaCapDo]","2","2","53.89","99.88"
"105.51","2025-07-24 13:36:07","[KHTT_ST_TEST].[dbo].[TNDSERV12]","5","2","[TENDER_CODE]","","[TX_NO], [DATE], [TIME], [CUSTNUM], [REGISTER], [TILLID], [TYPE], [AMOUNT], [SEQNUM], [CHANGEFLAG], [TRAN_REF], [BANKCODE], [STORE], [DALAY_DT], [NGAYLAY], [TXDATE]","1","1","945.42","11.16"
"103.30","2025-05-06 10:19:02","[SGCReport].[dbo].[MonthlySelling_Report042025]","4","2","[STPS]","","[MaThe13], [TongTienHD], [DiemMuaHang], [DiemThuongTheoHD], [DiemThuongKhongTheoHD], [MaCapDo]","2","2","51.76","99.78"
"102.10","2025-07-25 09:29:26","[KHTT_ST_TEST].[dbo].[TNDSERV12]","5","1","[BANKCODE]","","[TX_NO], [DATE], [TIME], [CUSTNUM], [REGISTER], [TILLID], [TYPE], [TENDER_CODE], [AMOUNT], [SEQNUM], [CHANGEFLAG], [TRAN_REF], [STORE], [DALAY_DT], [NGAYLAY], [TXDATE]","1","1","945.42","10.8"
"101.98","2025-12-11 03:50:37","[KHTT_ST].[dbo].[KhachHang]","3","1","","[MaTinhTP]","[MaThe13], [MaThe7]","1","1","105.67","96.51"
"98.89","2025-07-25 09:29:26","[KHTT_ST_TEST].[dbo].[TNDSERV14]","5","1","[BANKCODE]","","[TX_NO], [DATE], [TIME], [CUSTNUM], [REGISTER], [TILLID], [TYPE], [TENDER_CODE], [AMOUNT], [SEQNUM], [CHANGEFLAG], [TRAN_REF], [STORE], [DALAY_DT], [NGAYLAY], [TXDATE]","1","1","945.42","10.46"
"98.74","2025-05-21 14:17:59","[SGCReport].[dbo].[MonthlySelling_Report012025]","1","1","[STPS]","","[MaThe13], [TongTienHD], [DiemMuaHang], [DiemThuongTheoHD], [DiemThuongKhongTheoHD], [MaCapDo]","2","2","49.44","99.87"
"95.49","2025-07-24 13:36:07","[KHTT_ST_TEST].[dbo].[TNDSERV14]","5","2","[TENDER_CODE]","","[TX_NO], [DATE], [TIME], [CUSTNUM], [REGISTER], [TILLID], [TYPE], [AMOUNT], [SEQNUM], [CHANGEFLAG], [TRAN_REF], [BANKCODE], [STORE], [DALAY_DT], [NGAYLAY], [TXDATE]","1","1","945.42","10.1"
"79.87","2025-12-11 15:10:00","[KHTT_ST].[dbo].[INVTSERV15]","4","1","","[DATE]","[TX_NO], [TIME], [REGISTER], [TILLID], [SEQNUM]","1","46","5.93","29.26"
"73.66","2025-12-11 15:12:01","[KHTT_ST].[dbo].[INVTSERV16]","4","1","","[DATE]","[TX_NO], [TIME], [REGISTER], [TILLID], [SEQNUM]","1","46","5.76","27.82"
"69.67","2025-12-11 15:12:01","[KHTT_ST].[dbo].[INVTSERV11]","4","1","","[DATE]","[TX_NO], [TIME], [REGISTER], [TILLID], [SEQNUM]","1","47","5.48","27.07"
"65.66","2025-12-01 05:00:32","[SGCReport].[dbo].[MonthlySelling_Report112025]","1","1","[ID]","","","1","1","318.11","20.64"
"65.03","2025-11-01 05:00:28","[SGCReport].[dbo].[MonthlySelling_Report102025]","1","1","[ID]","","","1","1","353.40","18.4"
"63.39","2025-12-11 15:12:01","[KHTT_ST].[dbo].[INVTSERV17]","4","1","","[DATE]","[TX_NO], [TIME], [REGISTER], [TILLID], [SEQNUM]","1","46","5.49","25.12"
"63.18","2025-10-01 05:00:31","[SGCReport].[dbo].[MonthlySelling_Report092025]","2","1","[ID]","","","1","1","390.74","16.17"
"62.22","2025-10-13 10:07:03","[SGCReport].[dbo].[MonthlySelling_Report092025]","2","1","[STPS]","","[MaThe13], [TongTienHD], [DiemMuaHang], [DiemThuongTheoHD], [DiemThuongKhongTheoHD], [MaCapDo]","1","1","62.34","99.82"
"60.17","2025-12-11 09:46:38","[KHTT_ST].[dbo].[CTPhatSinh]","8","2","[SoHD], [MaST], [MaQuay]","[NgayHD], [TongTienHD]","[ID], [IDBiButToan]","1","1","60.21","99.93"
"59.87","2025-12-11 09:02:29","[KHTT_ST].[dbo].[CTPhatSinh]","8","2","[DaVanChuyen]","[NgayHD]","","1","1","60.18","99.49"
"58.86","2025-09-01 05:00:29","[SGCReport].[dbo].[MonthlySelling_Report082025]","1","1","[ID]","","","1","1","348.30","16.9"
"57.99","2025-08-01 05:00:33","[SGCReport].[dbo].[MonthlySelling_Report072025]","3","1","[ID]","","","1","1","401.60","14.44"
"56.98","2025-08-20 09:54:46","[SGCReport].[dbo].[MonthlySelling_Report072025]","3","2","[STPS]","","[MaThe13], [TongTienHD], [DiemMuaHang], [DiemThuongTheoHD], [DiemThuongKhongTheoHD], [MaCapDo], [TenQuanHuyen], [TenTP]","1","1","57.11","99.77"
"56.74","2025-08-01 09:49:24","[KHTT_ST24].[dbo].[TichLuy]","1","1","","[DoanhSo]","[MaThe13]","1","1","206.49","27.48"
"55.31","2025-11-10 14:53:01","[KHTT_ST_TEST].[dbo].[INVTSERV16]","8","3","[DALAY_DMH]","","[TX_NO], [DATE], [TIME], [CUSTNUM], [REGISTER], [TYPE], [SKU_REF], [SELL_UNIT], [VALUE], [QUAN], [SKU], [DEPARTMENT], [SUB_DEPT], [CLASSNUM], [SUB_CLASS], [VENDOR], [TILLID], [SEQNUM], [DALAY_DT], [STORE], [TXDATE]","4","20","4.12","67.06"
"54.88","2025-07-01 05:00:24","[SGCReport].[dbo].[MonthlySelling_Report062025]","1","1","[ID]","","","1","1","341.09","16.09"
"54.73","2025-06-01 05:00:27","[SGCReport].[dbo].[MonthlySelling_Report052025]","1","1","[ID]","","","1","1","319.30","17.14"
"53.82","2025-04-23 09:52:16","[SGCReport].[dbo].[MonthlySelling_Report032025]","3","3","[STPS]","","[MaThe13], [TongTienHD], [DiemMuaHang], [DiemThuongTheoHD], [DiemThuongKhongTheoHD], [MaCapDo], [STDK]","1","1","53.89","99.88"
"53.81","2025-04-23 09:42:05","[SGCReport].[dbo].[MonthlySelling_Report032025]","3","3","[STPS]","","[MaThe13], [TongTienHD], [DiemMuaHang], [DiemThuongTheoHD], [DiemThuongKhongTheoHD], [MaCapDo], [TenQuanHuyen], [TenTP]","1","1","53.89","99.86"
"52.53","2025-05-01 05:00:26","[SGCReport].[dbo].[MonthlySelling_Report042025]","4","1","[ID]","","","1","1","367.10","14.31"
"52.42","2025-12-11 15:10:04","[KHTT_ST].[dbo].[TNDSERV10]","1","1","","[DATE]","[TX_NO], [TIME], [REGISTER], [TILLID], [SEQNUM]","1","47","4.95","22.53"
"51.64","2025-05-06 10:19:28","[SGCReport].[dbo].[MonthlySelling_Report042025]","4","2","[STPS]","","[MaThe13], [TongTienHD], [DiemMuaHang], [DiemThuongTheoHD], [DiemThuongKhongTheoHD], [MaCapDo], [TenQuanHuyen], [TenTP]","1","1","51.77","99.75"
"51.48","2025-05-06 10:34:25","[SGCReport].[dbo].[MonthlySelling_Report042025]","4","1","[STDK]","","[MaThe13], [TongTienHD], [MaCapDo], [HoLot], [Ten], [GioiTinh], [SoNha], [TenDuong], [DTDD], [DTBan], [Email], [TenPhuongXa], [TenQuanHuyen], [TenTP]","1","1","52.86","97.39"
"49.74","2025-08-27 16:08:19","[KHTT_ST_TEST].[dbo].[DiaChinhMoi]","7","2","[MaQuanHuyenGOLDMEM]","","[TenPhuongXaChuanHoa]","63","64","1.65","47.15"
"44.48","2025-08-27 16:08:19","[KHTT_ST_TEST].[dbo].[DiaChinhMoi]","7","3","[MaGOLDMEM]","","[MaQuanHuyenGOLDMEM], [TenPhuongXaChuanHoa]","63","64","1.65","42.17"
"41.52","2025-12-11 15:12:02","[KHTT_ST].[dbo].[TNDSERV16]","1","1","","[DATE]","[TX_NO], [TIME], [REGISTER], [TILLID], [SEQNUM]","1","46","4.66","19.39"
"39.79","2025-12-11 15:16:03","[KHTT_ST].[dbo].[TNDSERV12]","1","1","","[DATE]","[TX_NO], [TIME], [REGISTER], [TILLID], [SEQNUM]","1","47","4.58","18.5"
"39.38","2025-12-11 15:12:03","[KHTT_ST].[dbo].[TNDSERV17]","1","1","","[DATE]","[TX_NO], [TIME], [REGISTER], [TILLID], [SEQNUM]","1","46","4.59","18.65"
"38.44","2025-12-11 15:08:02","[KHTT_ST].[dbo].[TNDSERV14]","1","1","","[DATE]","[TX_NO], [TIME], [REGISTER], [TILLID], [SEQNUM]","1","46","4.56","18.32"
"36.32","2025-12-11 15:16:12","[msdb].[dbo].[backupset]","6","3","[database_name]","[backup_finish_date]","[type]","6","6","6.30","96.14"
"35.82","2025-12-11 15:16:12","[msdb].[dbo].[backupset]","6","2","","[backup_finish_date]","[type], [database_name]","6","6","6.30","94.82"
"30.58","2025-12-11 15:12:02","[KHTT_ST].[dbo].[TNDSERV11]","1","1","","[DATE]","[TX_NO], [TIME], [REGISTER], [TILLID], [SEQNUM]","1","47","4.30","15.12"
"27.01","2025-12-11 01:00:21","[KHTT_ST].[dbo].[CTPhatSinh]","8","2","[DaVanChuyen]","","[ID], [NgayNhap]","1","1","70.96","38.06"
"21.95","2025-12-11 15:14:02","[KHTT_ST].[dbo].[TNDSERV13]","1","1","","[DATE]","[TX_NO], [TIME], [REGISTER], [TILLID], [SEQNUM]","1","47","4.04","11.57"
"18.64","2025-11-10 14:57:37","[KHTT_ST_TEST].[dbo].[INVTSERV16]","8","1","[DALAY_DT]","","[TX_NO], [DATE], [TIME], [CUSTNUM], [REGISTER], [TYPE], [SKU_REF], [SELL_UNIT], [VALUE], [QUAN], [SKU], [DEPARTMENT], [SUB_DEPT], [CLASSNUM], [SUB_CLASS], [VENDOR], [TILLID], [SEQNUM], [DALAY_DMH], [STORE], [TXDATE]","3","8","5.99","38.89"
"13.51","2025-09-10 15:44:38","[KHTT_ST_TEST].[dbo].[DanhMucDiaChinh2025_DieuChinh]","14","6","[MaTinhTP_GM]","","[STT], [TenPhuongXa_GM], [TenQuanHuyen_GM], [TenTP_GM], [TinhThanhPho_DC], [MaDiaChinh_TinhThanhPho_DC], [PhuongXa_DacKhu_DC], [MaDiaChinh_PhuongXa_DacKhu_DC], [MaQuanHuyen_GM], [MaPhuongXa_GM]","21","25","1.11","48.52"
"12.70","2025-12-11 15:00:00","[KHTT_ST].[dbo].[Sync]","6","2","[Type], [IsComplete]","","[ID]","8","14","1.03","88.23"
"11.69","2025-12-11 15:00:00","[KHTT_ST].[dbo].[Sync]","6","1","[Type]","","[guid], [ID]","14","14","1.13","74"
"10.55","2025-12-08 11:26:36","[KHTT_ST].[dbo].[CTPhatSinh_KhuyenMai04]","1","1","[CTPhatSinhID]","","","13","16","4.81","13.72"
"8.90","2025-10-01 14:09:12","[KHTT_ST_TEST].[dbo].[INVTSERV10]","3","1","[DALAY_DMH]","","[TX_NO], [DATE], [TIME], [CUSTNUM], [REGISTER], [TYPE], [SKU_REF], [SELL_UNIT], [VALUE], [QUAN], [SKU], [DEPARTMENT], [SUB_DEPT], [CLASSNUM], [SUB_CLASS], [VENDOR], [TILLID], [SEQNUM], [DALAY_DT], [STORE], [NGAYLAY]","2","3","5.17","57.44"
"8.65","2025-12-08 11:26:36","[KHTT_ST].[dbo].[CTPhatSinh_KhuyenMai07]","1","1","[CTPhatSinhID]","","","11","12","5.54","13.02"
"7.79","2025-07-15 10:59:25","[msdb].[dbo].[backupset]","6","3","[database_name]","","[backup_set_id]","1","1","7.92","98.36"
"7.79","2025-07-15 10:59:25","[msdb].[dbo].[backupset]","6","3","[database_name]","","[media_set_id]","1","1","7.93","98.16"
"7.03","2025-10-31 19:02:39","[KHTT_ST].[dbo].[CTPhatSinh_KhuyenMai01]","1","1","[CTPhatSinhID]","","","9","12","4.44","13.2"
"6.34","2025-12-11 15:00:00","[KHTT_ST].[dbo].[Sync]","6","2","[Type], [IsComplete]","","[ID], [DateRequest]","7","7","1.03","88.13"
"6.33","2025-12-11 15:00:00","[KHTT_ST].[dbo].[Sync]","6","1","[IsComplete]","[Type]","[ID]","4","7","1.15","78.35"
"5.79","2025-12-11 07:01:44","[msdb].[dbo].[sysjobhistory]","2","1","[run_status]","","[instance_id], [job_id], [run_date], [run_time]","306","306","0.03","66.88"
"5.63","2025-12-11 15:00:00","[KHTT_ST].[dbo].[Sync]","6","1","","[Type]","[guid], [ID]","7","7","1.31","61.55"
"5.17","2025-12-08 11:26:36","[KHTT_ST].[dbo].[CTPhatSinh_KhuyenMai09]","1","1","[CTPhatSinhID]","","","7","8","5.64","11.45"
"4.63","2025-12-08 14:06:54","[KHTT_ST].[dbo].[NhanVien]","1","1","[TenDangNhap]","","","13","48","0.11","90.23"
"4.55","2025-11-05 09:34:51","[KHTT_ST_TEST].[dbo].[INVTSERV16]","8","1","[TX_NO], [DATE], [CUSTNUM], [REGISTER], [TILLID]","","[TIME], [SEQNUM], [STORE]","1","1","8.32","54.62"
"4.14","2025-08-27 15:02:00","[KHTT_ST_TEST].[dbo].[DiaChinhMoi]","7","3","[MaGOLDMEM]","","[MaQuanHuyenGOLDMEM], [TenPhuongXaChuanHoa], [TenQuanHuyenChuanHoa]","5","6","0.99","69.57"
"3.90","2025-12-11 15:00:00","[KHTT_ST].[dbo].[Sync]","6","1","[ID], [Type], [IsComplete]","","[DateRequest]","4","4","1.02","95.98"
"3.62","2025-07-25 09:44:59","[KHTT_ST_TEST].[dbo].[INVTSERV16]","8","3","[DALAY_DMH]","","[TX_NO], [DATE], [CUSTNUM], [REGISTER], [TILLID], [STORE]","1","1","4.35","83.23"
"3.46","2025-08-27 14:36:57","[KHTT_ST_TEST].[dbo].[DiaChinhMoi]","7","1","[MaGOLDMEM], [TenQuanHuyenChuanHoa]","","","4","5","0.87","79.78"
"3.30","2025-10-17 07:36:00","[KHTT_ST].[dbo].[CTPhatSinh_KhuyenMai06]","1","1","[CTPhatSinhID]","","","5","6","5.06","10.87"
"3.28","2025-11-05 09:34:51","[KHTT_ST_TEST].[dbo].[INVTSERV16]","8","1","[TYPE]","","[TX_NO], [DATE], [CUSTNUM], [REGISTER], [TILLID]","1","1","8.32","39.44"
"3.09","2025-09-16 14:28:34","[KHTT_ST].[dbo].[CTPhatSinh_KhuyenMai05]","1","1","[CTPhatSinhID]","","","4","6","4.02","12.81"
"2.94","2025-09-10 11:26:31","[KHTT_ST_TEST].[dbo].[PhuongXa_GM]","2","2","[MaQuanHuyen]","","","10","11","0.34","78.27"
"2.80","2025-08-26 10:22:30","[KHTT_ST].[dbo].[CTPhatSinh_KhuyenMai02]","1","1","[CTPhatSinhID]","","","4","6","3.64","12.83"
"2.74","2025-08-26 16:00:57","[KHTT_ST_TEST].[dbo].[DiaChinhMoi]","7","3","[MaGOLDMEM]","","[TEN_QUANHUYEN c?], [TEN_PHUONGXA c?], [TenPhuongXaMoi], [MaQuanHuyenGOLDMEM], [TenPhuongXaChuanHoa], [TenQuanHuyenChuanHoa]","4","4","0.77","88.74"
"2.70","2025-10-17 07:36:00","[KHTT_ST].[dbo].[CTPhatSinh_KhuyenMai08]","1","1","[CTPhatSinhID]","","","4","5","5.16","10.45"
"2.66","2025-07-25 09:42:22","[KHTT_ST_TEST].[dbo].[INVTSERV16]","8","3","[DALAY_DMH]","","[TX_NO], [DATE], [TIME], [CUSTNUM], [REGISTER], [TYPE], [SKU_REF], [SELL_UNIT], [VALUE], [QUAN], [SKU], [DEPARTMENT], [SUB_DEPT], [CLASSNUM], [SUB_CLASS], [VENDOR], [TILLID], [SEQNUM], [DALAY_DT], [STORE], [TXDATE], [NGAYLAY]","1","1","4.37","60.88"
"2.37","2025-09-09 11:16:11","[KHTT_ST_TEST].[dbo].[PhuongXa_GM]","2","2","[MaQuanHuyen]","","[MaPhuongXa], [TenPhuongXa], [MaDiaChinh]","2","4","1.55","38.16"
"2.33","2025-09-10 15:44:14","[KHTT_ST_TEST].[dbo].[DanhMucDiaChinh2025_DieuChinh]","14","6","[MaTinhTP_GM]","","[TinhThanhPho_DC], [MaDiaChinh_TinhThanhPho_DC]","5","5","1.10","42.22"
"1.79","2025-12-11 05:00:00","[KHTT_ST].[dbo].[INVTSERV10]","3","2","[DALAY_DMH]","","[TX_NO], [DATE], [TIME], [REGISTER], [SKU], [TILLID], [SEQNUM], [STORE]","1","1","2.74","65.11"
"1.56","2025-12-11 05:00:01","[KHTT_ST].[dbo].[INVTSERV15]","4","2","[DALAY_DMH]","","[TX_NO], [DATE], [TIME], [REGISTER], [SKU], [TILLID], [SEQNUM], [STORE]","1","1","1.89","82.53"
"1.50","2025-09-09 10:28:51","[KHTT_ST_TEST].[dbo].[DanhMucDiaChinh2025_DieuChinh]","14","6","[MaTinhTP_GM]","","[TenPhuongXa_GM], [TenQuanHuyen_GM], [TenTP_GM]","4","4","0.48","78.6"
"1.42","2025-12-11 05:00:01","[KHTT_ST].[dbo].[INVTSERV16]","4","2","[DALAY_DMH]","","[TX_NO], [DATE], [TIME], [REGISTER], [SKU], [TILLID], [SEQNUM], [STORE]","1","1","1.73","82.18"
"1.36","2025-10-02 15:24:56","[KHTT_ST_TEST].[dbo].[INVTSERV11]","1","1","[DALAY_DMH]","","[TX_NO], [DATE], [TIME], [CUSTNUM], [REGISTER], [TYPE], [SKU_REF], [SELL_UNIT], [VALUE], [QUAN], [SKU], [DEPARTMENT], [SUB_DEPT], [CLASSNUM], [SUB_CLASS], [VENDOR], [TILLID], [SEQNUM], [DALAY_DT], [STORE], [NGAYLAY]","1","1","2.19","62.17"
"1.30","2025-09-09 11:04:58","[KHTT_ST_TEST].[dbo].[DanhMucDiaChinh2025_DieuChinh]","14","6","[MaTinhTP_GM]","","[TenQuanHuyen_GM]","3","3","0.72","60.35"
"1.28","2025-12-11 05:00:01","[KHTT_ST].[dbo].[INVTSERV17]","4","2","[DALAY_DMH]","","[TX_NO], [DATE], [TIME], [REGISTER], [SKU], [TILLID], [SEQNUM], [STORE]","1","1","1.56","82.19"
"1.28","2025-12-11 05:00:01","[KHTT_ST].[dbo].[INVTSERV12]","3","2","[DALAY_DMH]","","[TX_NO], [DATE], [TIME], [REGISTER], [SKU], [TILLID], [SEQNUM], [STORE]","1","1","1.99","64.14"
"1.25","2025-12-11 05:00:01","[KHTT_ST].[dbo].[INVTSERV14]","3","2","[DALAY_DMH]","","[TX_NO], [DATE], [TIME], [REGISTER], [SKU], [TILLID], [SEQNUM], [STORE]","1","1","1.91","65.05"
"1.16","2025-09-09 11:16:04","[KHTT_ST_TEST].[dbo].[DanhMucDiaChinh2025_DieuChinh]","14","1","[TenPhuongXa_GM]","","","5","5","0.34","68.04"
"1.06","2025-09-10 11:26:31","[KHTT_ST_TEST].[dbo].[DanhMucDiaChinh2025_DieuChinh]","14","2","[MaQuanHuyen_GM]","","[STT], [TenPhuongXa_GM], [TenQuanHuyen_GM], [TenTP_GM], [TinhThanhPho_DC], [MaDiaChinh_TinhThanhPho_DC], [PhuongXa_DacKhu_DC], [MaDiaChinh_PhuongXa_DacKhu_DC], [MaTinhTP_GM], [MaPhuongXa_GM]","2","2","0.83","63.82"
"1.03","2025-09-10 14:20:27","[KHTT_ST_TEST].[dbo].[DanhMucDiaChinh2025_DieuChinh]","14","2","[MaTinhTP_GM], [MaQuanHuyen_GM]","","[STT], [TenPhuongXa_GM], [TenQuanHuyen_GM], [TenTP_GM], [TinhThanhPho_DC], [MaDiaChinh_TinhThanhPho_DC], [PhuongXa_DacKhu_DC], [MaDiaChinh_PhuongXa_DacKhu_DC], [MaPhuongXa_GM]","3","3","0.82","42.16"
"0.88","2025-12-11 05:00:00","[KHTT_ST].[dbo].[INVTSERV11]","4","2","[DALAY_DMH]","","[TX_NO], [DATE], [TIME], [REGISTER], [SKU], [TILLID], [SEQNUM], [STORE]","1","1","1.35","64.84"
"0.85","2025-08-26 14:28:19","[KHTT_ST_TEST].[dbo].[DiaChinhMoi]","7","2","[MaQuanHuyenGOLDMEM]","","[TenGOLDMEM], [TEN_PHUONGXA c?], [TenPhuongXaMoi], [MaPhuongXa_GM], [TenQuanHuyenGM], [TenPhuongXaChuanHoa], [TenQuanHuyenChuanHoa], [TenPhuongXaDieuChinhTam]","1","1","1.07","79.93"
"0.78","2025-09-10 14:31:20","[KHTT_ST_TEST].[dbo].[DanhMucDiaChinh2025_DieuChinh]","14","2","[MaDiaChinh_TinhThanhPho_DC]","","[STT], [TenPhuongXa_GM], [TenQuanHuyen_GM], [TenTP_GM], [TinhThanhPho_DC], [PhuongXa_DacKhu_DC], [MaDiaChinh_PhuongXa_DacKhu_DC], [MaTinhTP_GM], [MaQuanHuyen_GM], [MaPhuongXa_GM]","2","2","0.75","52.07"
"0.73","2025-12-11 05:00:01","[KHTT_ST].[dbo].[INVTSERV13]","3","2","[DALAY_DMH]","","[TX_NO], [DATE], [TIME], [REGISTER], [SKU], [TILLID], [SEQNUM], [STORE]","1","1","1.15","63.32"
"0.73","2025-07-07 11:09:16","[KHTT_ST].[dbo].[CTPhatSinh_KhuyenMai03]","1","1","[CTPhatSinhID]","","","2","2","2.90","12.59"
"0.72","2025-09-10 15:20:36","[KHTT_ST_TEST].[dbo].[DanhMucDiaChinh2025_DieuChinh]","14","2","[MaDiaChinh_TinhThanhPho_DC]","","[TinhThanhPho_DC]","3","3","0.27","90.28"
"0.69","2025-08-26 16:01:10","[KHTT_ST_TEST].[dbo].[DiaChinhMoi]","7","1","[TenPhuongXaDieuChinhTam]","","","1","1","0.76","90.62"
"0.69","2025-09-10 15:48:21","[KHTT_ST_TEST].[dbo].[DanhMucDiaChinh2025_DieuChinh]","14","6","[MaTinhTP_GM]","","[MaDiaChinh_TinhThanhPho_DC], [PhuongXa_DacKhu_DC], [MaDiaChinh_PhuongXa_DacKhu_DC]","2","2","1.10","31.46"
"0.35","2025-09-10 14:24:39","[KHTT_ST_TEST].[dbo].[DanhMucDiaChinh2025_DieuChinh]","14","2","[MaTinhTP_GM], [MaQuanHuyen_GM]","","[TenPhuongXa_GM]","1","1","1.85","18.79"
"0.35","2025-09-10 15:47:06","[KHTT_ST_TEST].[dbo].[DanhMucDiaChinh2025_DieuChinh]","14","6","[MaTinhTP_GM]","","[MaDiaChinh_TinhThanhPho_DC], [PhuongXa_DacKhu_DC]","1","1","1.10","31.47"
"0.35","2025-09-10 14:24:39","[KHTT_ST_TEST].[dbo].[DanhMucDiaChinh2025_DieuChinh]","14","2","[MaQuanHuyen_GM]","","[TenPhuongXa_GM]","1","1","1.85","18.92"
"0.27","2025-07-24 14:23:39","[KHTT_ST_TEST].[dbo].[INVTSERV16]","8","1","[TX_NO], [CUSTNUM]","","","2","3","0.23","38.28"
"0.21","2025-09-09 10:21:46","[KHTT_ST_TEST].[dbo].[DanhMucDiaChinh2025_DieuChinh]","14","1","[TenQuanHuyen_GM]","","","1","1","0.26","79.9"
"0.12","2025-07-24 14:23:39","[KHTT_ST_TEST].[dbo].[INVTSERV10]","3","1","[TX_NO], [CUSTNUM]","","","1","2","0.33","18.49"
"0.08","2025-07-24 14:23:43","[KHTT_ST_TEST].[dbo].[INVTSERV10]","3","1","[TX_NO]","","[DATE], [TIME], [CUSTNUM], [REGISTER], [TYPE], [SKU_REF], [SELL_UNIT], [VALUE], [QUAN], [SKU], [DEPARTMENT], [SUB_DEPT], [CLASSNUM], [SUB_CLASS], [VENDOR], [TILLID], [SEQNUM], [DALAY_DMH], [DALAY_DT], [STORE], [TXDATE], [NGAYLAY]","2","2","0.33","12.79"
"0.06","2025-07-24 14:23:39","[KHTT_ST_TEST].[dbo].[INVTSERV14]","2","1","[TX_NO], [CUSTNUM]","","","1","2","0.33","9.06"
"0.06","2025-07-24 14:23:39","[KHTT_ST_TEST].[dbo].[INVTSERV15]","2","1","[TX_NO], [CUSTNUM]","","","1","2","0.33","8.99"
"0.05","2025-07-24 14:23:43","[KHTT_ST_TEST].[dbo].[INVTSERV16]","8","1","[TX_NO]","","[DATE], [TIME], [CUSTNUM], [REGISTER], [TYPE], [SKU_REF], [SELL_UNIT], [VALUE], [QUAN], [SKU], [DEPARTMENT], [SUB_DEPT], [CLASSNUM], [SUB_CLASS], [VENDOR], [TILLID], [SEQNUM], [DALAY_DMH], [DALAY_DT], [STORE], [TXDATE], [NGAYLAY]","2","2","0.33","7.88"
"0.04","2025-07-24 14:23:43","[KHTT_ST_TEST].[dbo].[INVTSERV15]","2","1","[TX_NO]","","[DATE], [TIME], [CUSTNUM], [REGISTER], [TYPE], [SKU_REF], [SELL_UNIT], [VALUE], [QUAN], [SKU], [DEPARTMENT], [SUB_DEPT], [CLASSNUM], [SUB_CLASS], [VENDOR], [TILLID], [SEQNUM], [DALAY_DMH], [DALAY_DT], [STORE], [TXDATE], [NGAYLAY]","2","2","0.33","5.67"
"0.03","2025-07-24 14:23:43","[KHTT_ST_TEST].[dbo].[INVTSERV14]","2","1","[TX_NO]","","[DATE], [TIME], [CUSTNUM], [REGISTER], [TYPE], [SKU_REF], [SELL_UNIT], [VALUE], [QUAN], [SKU], [DEPARTMENT], [SUB_DEPT], [CLASSNUM], [SUB_CLASS], [VENDOR], [TILLID], [SEQNUM], [DALAY_DMH], [DALAY_DT], [STORE], [TXDATE], [NGAYLAY]","2","2","0.33","5.31"
